comparison_id,method,method_version,dataset_id,tier,observation_fraction,algorithm_seed,repeat,timeout_seconds,hardware
baseline-hamming-1nn-rb-0117e91caa7937aca59df6c1,hamming-1nn,1,rb-0117e91caa7937aca59df6c1,n=6,0.03,6a38f9b51394378e31d8d4b3549ad90431ed363193c96cf2abbb9e3353af6b61,0,300,local-darwin-arm64-rust-1.93.0
baseline-hamming-1nn-rb-0274a5c12342c7065766e77a,hamming-1nn,1,rb-0274a5c12342c7065766e77a,n=6,0.03,6d09adae2a3338d7db46a4599ce1b7aa54e5bc628ddab7eb5f161c74d4461338,0,300,local-darwin-arm64-rust-1.93.0
baseline-hamming-1nn-rb-02b9216b5509b0c63476ab47,hamming-1nn,1,rb-02b9216b5509b0c63476ab47,n=8,0.03,1e6831705fbd4515a9a45c80ee3839d108817d374cfe079bafd662f0d7549b93,0,300,local-darwin-arm64-rust-1.93.0
baseline-hamming-1nn-rb-050951ac38824143ce2846d3,hamming-1nn,1,rb-050951ac38824143ce2846d3,n=6,0.10,018b4f6d251f9715e778e9e2bd64a7e0a2e2e615d3aa8e6a7b78b8e0f527f59b,0,300,local-darwin-arm64-rust-1.93.0
baseline-hamming-1nn-rb-060a500319293ea9ff6a722f,hamming-1nn,1,rb-060a500319293ea9ff6a722f,n=10,0.03,e65f09337f3c63bcd468c3a65ec76ce252831377b28b37f9b8af0c1ce7a2f4da,0,300,local-darwin-arm64-rust-1.93.0
baseline-hamming-1nn-rb-076a5ca8b61b16257600e416,hamming-1nn,1,rb-076a5ca8b61b16257600e416,n=6,0.03,dbd3f4ddd7176af14aa208a617f989c618aca1e8ad602a375456166858f01b36,0,300,local-darwin-arm64-rust-1.93.0
baseline-hamming-1nn-rb-092b576c54435c14f2e65649,hamming-1nn,1,rb-092b576c54435c14f2e65649,n=10,0.03,81013b57f1c5631fd46d15efcc40facc55634962409c0240ee1b3830d1ed288e,0,300,local-darwin-arm64-rust-1.93.0
baseline-hamming-1nn-rb-09d9ab2a1804f100bd99495d,hamming-1nn,1,rb-09d9ab2a1804f100bd99495d,n=8,0.03,4846b96c604be0a251041a191afc5a5a66727ec2ae8c4c60b785f550b52b278d,0,300,local-darwin-arm64-rust-1.93.0
baseline-hamming-1nn-rb-0a3aa86646da4c10c7cb7023,hamming-1nn,1,rb-0a3aa86646da4c10c7cb7023,n=10,0.03,3f0052c67aeb2bf28b0cb89c74469819915bb631be1df1eafd3b9f60ffc40b0b,0,300,local-darwin-arm64-rust-1.93.0
baseline-hamming-1nn-rb-0d5c6fd7e6953967f50dc188,hamming-1nn,1,rb-0d5c6fd7e6953967f50dc188,n=8,0.03,a1dc253b51d7e93aa07e3df98282c9550a2fe35e83b4d3e9ef029ab926673944,0,300,local-darwin-arm64-rust-1.93.0
baseline-hamming-1nn-rb-0fe835d0d2d6d26d81332cbe,hamming-1nn,1,rb-0fe835d0d2d6d26d81332cbe,n=8,0.03,96450d777f420d2eeb8965b68ccdb4e146862caf164a339a1ee2d15a0e68f1c4,0,300,local-darwin-arm64-rust-1.93.0
baseline-hamming-1nn-rb-117759b024bb7b144ef06c29,hamming-1nn,1,rb-117759b024bb7b144ef06c29,n=8,0.10,56ff3d5dfd12e7778f6851b42d4a887a578c1137b9e5abbfc5ae595a4e68b675,0,300,local-darwin-arm64-rust-1.93.0
baseline-hamming-1nn-rb-13d99205de52949530ca15bd,hamming-1nn,1,rb-13d99205de52949530ca15bd,n=8,0.03,63403a46c2d7361779d3a16fa46e5f87fc79ced5ed6f74325a40516baea6ccb7,0,300,local-darwin-arm64-rust-1.93.0
baseline-hamming-1nn-rb-14a91e81dc5548b0701c5985,hamming-1nn,1,rb-14a91e81dc5548b0701c5985,n=6,0.10,1b2fa2063645ede16afb979d7578f4194d61fced10a736c99b73b6d5f4546c49,0,300,local-darwin-arm64-rust-1.93.0
baseline-hamming-1nn-rb-14ca0c1f98006ecdb7c8bb7c,hamming-1nn,1,rb-14ca0c1f98006ecdb7c8bb7c,n=6,0.03,5a9fbfab0ad4cdbba1c324f94cb27ada3d6e65028b6d7d7db6ea7232f7059455,0,300,local-darwin-arm64-rust-1.93.0
baseline-hamming-1nn-rb-15689b706e2610c73d3e794b,hamming-1nn,1,rb-15689b706e2610c73d3e794b,n=8,0.10,ff2b2ffcaa4ccaaf7b8d6740550c2a844e926afa5d336916b2234b76a19e013f,0,300,local-darwin-arm64-rust-1.93.0
baseline-hamming-1nn-rb-15b7e9eb71ec4b6b30a45f8e,hamming-1nn,1,rb-15b7e9eb71ec4b6b30a45f8e,n=8,0.03,b2c2eb36fc83a05d9c97124f73c01ac43fe092ec73c99f4c7558b4b2f13a2006,0,300,local-darwin-arm64-rust-1.93.0
baseline-hamming-1nn-rb-1766c892615f21adb7d60f30,hamming-1nn,1,rb-1766c892615f21adb7d60f30,n=10,0.10,e42cc10a120d9633da3e0c38180ec402ccc2dcef588b4b5ddac54fde3135b213,0,300,local-darwin-arm64-rust-1.93.0
baseline-hamming-1nn-rb-1779b898a18c8f1da3be594f,hamming-1nn,1,rb-1779b898a18c8f1da3be594f,n=6,0.10,4ea501195790e14acd3fe718ed701fa8cb0112d6f392c31afe5757901ab616f6,0,300,local-darwin-arm64-rust-1.93.0
baseline-hamming-1nn-rb-1924b4b8ee06065726e812a9,hamming-1nn,1,rb-1924b4b8ee06065726e812a9,n=6,0.03,4ebe4798f450e60e42f0f1aac8e3f088832fb5d40f8309e566966606b1d3e49a,0,300,local-darwin-arm64-rust-1.93.0
baseline-hamming-1nn-rb-1a5b733d623782da0017e1e9,hamming-1nn,1,rb-1a5b733d623782da0017e1e9,n=6,0.03,e3a75b72cffceccf16ca47993801c2631af937070cc70aab680c073f357726d7,0,300,local-darwin-arm64-rust-1.93.0
baseline-hamming-1nn-rb-1a99bb2a23f5cd3c954e1e23,hamming-1nn,1,rb-1a99bb2a23f5cd3c954e1e23,n=10,0.10,8e2836dc4681eb46e91322929f749b8c682b7c047db3fdcfe87b1bbaa162593f,0,300,local-darwin-arm64-rust-1.93.0
baseline-hamming-1nn-rb-1af2ce8f2e432428515d1ee4,hamming-1nn,1,rb-1af2ce8f2e432428515d1ee4,n=10,0.03,4d820860ab283a5e073711adec87f184c042ad4a3e6898d3171a4c97bfddae85,0,300,local-darwin-arm64-rust-1.93.0
baseline-hamming-1nn-rb-1b538d267fb991e836c57310,hamming-1nn,1,rb-1b538d267fb991e836c57310,n=6,0.10,5827b652b6793b27bcddb40cb5752f520ce2920808d25e4304cc1d2f7f0aae19,0,300,local-darwin-arm64-rust-1.93.0
baseline-hamming-1nn-rb-1bc2093b0dd683197fa1c7d6,hamming-1nn,1,rb-1bc2093b0dd683197fa1c7d6,n=8,0.10,826bb42b19b51e1cd76c325d8c6032430f9f463100788d10c8de2738acb74677,0,300,local-darwin-arm64-rust-1.93.0
baseline-hamming-1nn-rb-1d2b7c326bf4d7aae1539543,hamming-1nn,1,rb-1d2b7c326bf4d7aae1539543,n=10,0.03,4c442cf67caf2076946d3d49086480b99f54bcdf1e99a0faaf5284daf7087070,0,300,local-darwin-arm64-rust-1.93.0
baseline-hamming-1nn-rb-1de90e7d72c95ddf2cd133dc,hamming-1nn,1,rb-1de90e7d72c95ddf2cd133dc,n=6,0.10,3b4e8789cbfdfb8e4405b5954047800f0697d1412aecfd41bf1f4994053d7ae2,0,300,local-darwin-arm64-rust-1.93.0
baseline-hamming-1nn-rb-1e3ec4fe767cf5226fc11dab,hamming-1nn,1,rb-1e3ec4fe767cf5226fc11dab,n=6,0.10,765b6e3140d6c8cfe6bdce7abb4c5090471ec369ccbef42b9d0e10b2b36a7b9a,0,300,local-darwin-arm64-rust-1.93.0
baseline-hamming-1nn-rb-2042e0caa560d9896607574a,hamming-1nn,1,rb-2042e0caa560d9896607574a,n=6,0.10,987fee98b9e0facf3a86df858cb465857d20350617f79c76e4e85f116ca6cdcd,0,300,local-darwin-arm64-rust-1.93.0
baseline-hamming-1nn-rb-23c89a6cd4ba45e798554906,hamming-1nn,1,rb-23c89a6cd4ba45e798554906,n=10,0.10,47b2160b878a8461ea6650ba0f8c2a2bf3593c3d930d0288409e3f2e65560b8c,0,300,local-darwin-arm64-rust-1.93.0
baseline-hamming-1nn-rb-248ca2bd6fb2f7b1aa8207c3,hamming-1nn,1,rb-248ca2bd6fb2f7b1aa8207c3,n=6,0.03,880f9706439dc76fe9209276f3f7102e8a46f3cc55bfd21c5023240a982ac739,0,300,local-darwin-arm64-rust-1.93.0
baseline-hamming-1nn-rb-24bbea5e3db7ab3e28efdb86,hamming-1nn,1,rb-24bbea5e3db7ab3e28efdb86,n=10,0.03,976813a2f8a878c901fec4b992cfade93ac392a35d16a7f9da1075fcb27ba5a0,0,300,local-darwin-arm64-rust-1.93.0
baseline-hamming-1nn-rb-25f398b37a055417dc70658c,hamming-1nn,1,rb-25f398b37a055417dc70658c,n=6,0.03,67c6b55da78fc409d526e6271eadf17eb842f38a768c7bc1f78a66a08796c2c0,0,300,local-darwin-arm64-rust-1.93.0
baseline-hamming-1nn-rb-2722adec8ee89de1f5c7031d,hamming-1nn,1,rb-2722adec8ee89de1f5c7031d,n=10,0.03,ab1bd1e28ae7dcfeafc84b076bf6495877f531ac92b1ac16fa3a22a40fe75d79,0,300,local-darwin-arm64-rust-1.93.0
baseline-hamming-1nn-rb-27735c4093013a8e883f18c7,hamming-1nn,1,rb-27735c4093013a8e883f18c7,n=10,0.10,01ec5792a8685536fb9a2d0b93bc9647d52ac682dab0d5b7641167306cd5e2fe,0,300,local-darwin-arm64-rust-1.93.0
baseline-hamming-1nn-rb-2b69459c6c580d992d8390d6,hamming-1nn,1,rb-2b69459c6c580d992d8390d6,n=8,0.03,812e44da98d91332fa04ed42ddd3c90469845c6ceb866b9e716c19a6ba7c7be1,0,300,local-darwin-arm64-rust-1.93.0
baseline-hamming-1nn-rb-2c379dd8780237cd75d45116,hamming-1nn,1,rb-2c379dd8780237cd75d45116,n=10,0.03,d2bba70942bc9abc8d367a4da83fc44356059569920ad6a0591de50406cd880d,0,300,local-darwin-arm64-rust-1.93.0
baseline-hamming-1nn-rb-2d07e7bc58d6be2d0a700776,hamming-1nn,1,rb-2d07e7bc58d6be2d0a700776,n=10,0.10,dad4ffc01c5919e7458242ba5b4caed82c7d5dcf23cc12a7da74fa0a420889b0,0,300,local-darwin-arm64-rust-1.93.0
baseline-hamming-1nn-rb-2dc59903e98cc8f52bbfe6a9,hamming-1nn,1,rb-2dc59903e98cc8f52bbfe6a9,n=6,0.10,c55facc880289cfaa9771f813c3a62cf483f867dd46cb9ab550e3bc29df7846b,0,300,local-darwin-arm64-rust-1.93.0
baseline-hamming-1nn-rb-2f75f8de4356c0bbaa183c7f,hamming-1nn,1,rb-2f75f8de4356c0bbaa183c7f,n=8,0.03,df4ace9896cfab2c35580ed7313a740d00d54abdf79af0aa8682cbf4dd4b981d,0,300,local-darwin-arm64-rust-1.93.0
baseline-hamming-1nn-rb-30a8038e047365edb4e04fcf,hamming-1nn,1,rb-30a8038e047365edb4e04fcf,n=8,0.10,e242782e99f8bf8fc0d2a4344ac47d41fd56c153ec9bb3eceee2c03fd04eeb23,0,300,local-darwin-arm64-rust-1.93.0
baseline-hamming-1nn-rb-3170fd0f1daa615f07901d79,hamming-1nn,1,rb-3170fd0f1daa615f07901d79,n=8,0.10,fdd976909d609dad916505aa9d1f893cd341172c0eb6c770aecdd64cdba63f52,0,300,local-darwin-arm64-rust-1.93.0
baseline-hamming-1nn-rb-33c2d056652ee6d519e1d786,hamming-1nn,1,rb-33c2d056652ee6d519e1d786,n=10,0.10,f70eb8ac6f76b6ae08d67a1546ecea8a4dee9620f221b57434c8b578fdf993ca,0,300,local-darwin-arm64-rust-1.93.0
baseline-hamming-1nn-rb-3476889ee42e473a00c9f904,hamming-1nn,1,rb-3476889ee42e473a00c9f904,n=10,0.03,9a4fa2318b91351cc228f48433d9fba621fbe411d34892c95ed3e883abb96e81,0,300,local-darwin-arm64-rust-1.93.0
baseline-hamming-1nn-rb-34d43726af1d8975f6013896,hamming-1nn,1,rb-34d43726af1d8975f6013896,n=6,0.03,9d8207adeab4303f9b24deed23d1e15ec28d5a8c706de2237d301492603146d2,0,300,local-darwin-arm64-rust-1.93.0
baseline-hamming-1nn-rb-36c3868d223c044d5460a097,hamming-1nn,1,rb-36c3868d223c044d5460a097,n=10,0.10,c7587d7b6a123b32b73ea6cd7ba926649d09231fe58027e9077a7af1cb4478f0,0,300,local-darwin-arm64-rust-1.93.0
baseline-hamming-1nn-rb-3742b483d23d4d9ada24d7a9,hamming-1nn,1,rb-3742b483d23d4d9ada24d7a9,n=8,0.03,2758008a7475a9bf65e5dabcd1afa37b45925ca50c7557c1f1e139694f208524,0,300,local-darwin-arm64-rust-1.93.0
baseline-hamming-1nn-rb-3ad2e57491a27f922575c669,hamming-1nn,1,rb-3ad2e57491a27f922575c669,n=10,0.03,300a7fdd7b5a1ee0204359ced60690817a583d9e1d877a28c8cccb8f420055b4,0,300,local-darwin-arm64-rust-1.93.0
baseline-hamming-1nn-rb-3c7396616b7689836c09a80f,hamming-1nn,1,rb-3c7396616b7689836c09a80f,n=10,0.10,08f575038497dae889d86790ef3b8dfe8e021e065a79058c7146544ce455cf4f,0,300,local-darwin-arm64-rust-1.93.0
baseline-hamming-1nn-rb-4074bf1a6c5bf8107c00bde0,hamming-1nn,1,rb-4074bf1a6c5bf8107c00bde0,n=6,0.03,d869f3e099b50bc09b7fde4e4f9e50d03895afcb4991682602ba3d08298233d4,0,300,local-darwin-arm64-rust-1.93.0
baseline-hamming-1nn-rb-42d3a6d0a70e02331aa445f7,hamming-1nn,1,rb-42d3a6d0a70e02331aa445f7,n=6,0.03,9b97468e877b7ce2accf2b046d0951a2fc05c2cbd97f58a76187827f1ed3ada4,0,300,local-darwin-arm64-rust-1.93.0
baseline-hamming-1nn-rb-45b7b05830698df48bf432e0,hamming-1nn,1,rb-45b7b05830698df48bf432e0,n=6,0.03,0ed13a1e7a5d0f45acc3e9ccef3713a38ada914ab647b596f552cb6c208126de,0,300,local-darwin-arm64-rust-1.93.0
baseline-hamming-1nn-rb-46e0fa82d6bdb1693a50bab0,hamming-1nn,1,rb-46e0fa82d6bdb1693a50bab0,n=8,0.03,50dd441474d1c1b4cac244ede825b475b1f773fbcf333c2e2f6a798ac4cb3ebe,0,300,local-darwin-arm64-rust-1.93.0
baseline-hamming-1nn-rb-47ee837174000d4b6cf73ddd,hamming-1nn,1,rb-47ee837174000d4b6cf73ddd,n=8,0.03,fd0ab300871961cb95502fe062ac98cb339a5d63cfa62bdee6eed03589b10215,0,300,local-darwin-arm64-rust-1.93.0
baseline-hamming-1nn-rb-4a2b81bf891680da65698507,hamming-1nn,1,rb-4a2b81bf891680da65698507,n=6,0.03,775147a0668130051312286cf9792eaef885065a58e416b6ce61aca2332739ad,0,300,local-darwin-arm64-rust-1.93.0
baseline-hamming-1nn-rb-4db9763f09ec3ff5ca13ec5f,hamming-1nn,1,rb-4db9763f09ec3ff5ca13ec5f,n=6,0.10,2e9256796f0631b42feeea4927881116de6b9e5e1d15d9fcded9006c034d1e01,0,300,local-darwin-arm64-rust-1.93.0
baseline-hamming-1nn-rb-4e3b0d8c8a422a7bdbcc047f,hamming-1nn,1,rb-4e3b0d8c8a422a7bdbcc047f,n=10,0.10,6b0fd9b230f42c52344b56594465e68ff27ca979416d727a3ff9a15ace783faa,0,300,local-darwin-arm64-rust-1.93.0
baseline-hamming-1nn-rb-4e45e6c48e13bd99b0c038c4,hamming-1nn,1,rb-4e45e6c48e13bd99b0c038c4,n=10,0.10,a70690e670a69cef67665db04d4efa9e2bb0673787abfe5498076520e00ca23b,0,300,local-darwin-arm64-rust-1.93.0
baseline-hamming-1nn-rb-52160a71cc3e8c940a761f0e,hamming-1nn,1,rb-52160a71cc3e8c940a761f0e,n=6,0.10,754986315c4cd0e74d52caf8c5ffd3973c5738e505506fec72712facc0d6fab8,0,300,local-darwin-arm64-rust-1.93.0
baseline-hamming-1nn-rb-52b83d4c96f175c6680aedd4,hamming-1nn,1,rb-52b83d4c96f175c6680aedd4,n=6,0.10,f5d15c9ee7fe2f06e449598cb61bf51e675960a311ed7efb2cf74d1719a7089d,0,300,local-darwin-arm64-rust-1.93.0
baseline-hamming-1nn-rb-52d6b7787fe1330c4c06df59,hamming-1nn,1,rb-52d6b7787fe1330c4c06df59,n=8,0.03,0a1479a0f02edf1513431045a1355b8e44d2893e19020d8f0ea101c396d704b4,0,300,local-darwin-arm64-rust-1.93.0
baseline-hamming-1nn-rb-5479856cca5a461b720d76ff,hamming-1nn,1,rb-5479856cca5a461b720d76ff,n=10,0.10,f6489dd7929b89ee3c2e23f18d09d00ed4a7252e55c14174487725dded941a0c,0,300,local-darwin-arm64-rust-1.93.0
baseline-hamming-1nn-rb-5524a87922df9afd8e74522f,hamming-1nn,1,rb-5524a87922df9afd8e74522f,n=10,0.03,be84ae4bcaf868bc79d2f54df8a2be13476b9a9a3234c688a8ef15aae010a786,0,300,local-darwin-arm64-rust-1.93.0
baseline-hamming-1nn-rb-55aa0b76edfee8d3c3faf8ce,hamming-1nn,1,rb-55aa0b76edfee8d3c3faf8ce,n=10,0.10,c635937765998c8728da20c183a546409a44c849cfea987ecdcb54404c0648ec,0,300,local-darwin-arm64-rust-1.93.0
baseline-hamming-1nn-rb-562fba2fff524fd52841cd17,hamming-1nn,1,rb-562fba2fff524fd52841cd17,n=10,0.10,6aeff3412fc63d74b92f871f6e5ccaac88d342548d7cebaf2d6b7944833192c2,0,300,local-darwin-arm64-rust-1.93.0
baseline-hamming-1nn-rb-56df09f62aa720e2ab777720,hamming-1nn,1,rb-56df09f62aa720e2ab777720,n=8,0.03,5555997b25fdf3a6f3745f26421d3a5d854fb8165478b43d354b982c10535d19,0,300,local-darwin-arm64-rust-1.93.0
baseline-hamming-1nn-rb-583618e0174afc8ead26f601,hamming-1nn,1,rb-583618e0174afc8ead26f601,n=6,0.10,6d41cc52a872ed743295a2d55d56490baa0af79088ea542bc4ff01517c961345,0,300,local-darwin-arm64-rust-1.93.0
baseline-hamming-1nn-rb-58d356300a851194131dfb48,hamming-1nn,1,rb-58d356300a851194131dfb48,n=10,0.10,28a6693685297f7be4b3b1d0b79079c5cf9fb6c822fd5abf9dfdfe815eaf3085,0,300,local-darwin-arm64-rust-1.93.0
baseline-hamming-1nn-rb-598e6b46f5efe8412ed82ae3,hamming-1nn,1,rb-598e6b46f5efe8412ed82ae3,n=10,0.10,e6cd034c19d83c1862ec9477791c0e34a6ab3b6ec992739b77cb6fe2ebd7633e,0,300,local-darwin-arm64-rust-1.93.0
baseline-hamming-1nn-rb-5cb628f7f2e05c9f49b5c0fd,hamming-1nn,1,rb-5cb628f7f2e05c9f49b5c0fd,n=6,0.03,ccfd03e5cd855f02a63d3d2ab1a274ac136ecb5464bdac5c38e868f6a6101345,0,300,local-darwin-arm64-rust-1.93.0
baseline-hamming-1nn-rb-5e4326eb465919cf2ce0a6dd,hamming-1nn,1,rb-5e4326eb465919cf2ce0a6dd,n=8,0.10,3ad4ef254c4bdd8cce389790f8032d7bfdbe2d35e8cb709a3b8b6f144f870ba8,0,300,local-darwin-arm64-rust-1.93.0
baseline-hamming-1nn-rb-61d85cef20ccb754e82eadd7,hamming-1nn,1,rb-61d85cef20ccb754e82eadd7,n=6,0.10,f99dc078e1172d5ea5bbe093965fb3a7a1ca263768d51554af5d5a60955b33ca,0,300,local-darwin-arm64-rust-1.93.0
baseline-hamming-1nn-rb-621fe8e8cfa270341b47651f,hamming-1nn,1,rb-621fe8e8cfa270341b47651f,n=8,0.03,cd42c6cf81ad05d6e36000c58f74a6f33c6937e5609bdaa9e17834ba726fa03f,0,300,local-darwin-arm64-rust-1.93.0
baseline-hamming-1nn-rb-628af795b3fc21b4d2388e8b,hamming-1nn,1,rb-628af795b3fc21b4d2388e8b,n=8,0.10,fca48d3480cf88ac0923f96679611d176aeeeaaf48b28f03204685bf904e3641,0,300,local-darwin-arm64-rust-1.93.0
baseline-hamming-1nn-rb-65bdd00efbfd2428f2bd5865,hamming-1nn,1,rb-65bdd00efbfd2428f2bd5865,n=10,0.03,019f30acc6183918fa4952918a8f606e640e51ced8c0fe9891a972636c6229b6,0,300,local-darwin-arm64-rust-1.93.0
baseline-hamming-1nn-rb-6602b70b59671b84247eed51,hamming-1nn,1,rb-6602b70b59671b84247eed51,n=10,0.10,f908898b5977f162ff5fe98bb1e88bf47b41116fd58781e15ba5bc28bcce914b,0,300,local-darwin-arm64-rust-1.93.0
baseline-hamming-1nn-rb-6607ba3c69d513dfe4362efe,hamming-1nn,1,rb-6607ba3c69d513dfe4362efe,n=8,0.03,1929affb25fbb5e2efc7ce319e327a6179ce2cb453873fa7e41413cf27325193,0,300,local-darwin-arm64-rust-1.93.0
baseline-hamming-1nn-rb-661eb632c04cd1b29106c0dc,hamming-1nn,1,rb-661eb632c04cd1b29106c0dc,n=6,0.03,0f051ba38b54e14037e41de2c1457dcc92dcb2f39c5d599834091b96b3e1a991,0,300,local-darwin-arm64-rust-1.93.0
baseline-hamming-1nn-rb-66fa68e03e01d10b110a0de5,hamming-1nn,1,rb-66fa68e03e01d10b110a0de5,n=8,0.10,a59dc6f438bcbf10b9dd00321626b9a7c60b127b78079e3d5a8367a93956e198,0,300,local-darwin-arm64-rust-1.93.0
baseline-hamming-1nn-rb-675a716ff820e084498fab70,hamming-1nn,1,rb-675a716ff820e084498fab70,n=6,0.03,5f688c1c7736fae34bdda829d91b412313dbd7fd18a39722bb2e3a7aaa0d9471,0,300,local-darwin-arm64-rust-1.93.0
baseline-hamming-1nn-rb-6a9a36eaf506f9948fc95bbc,hamming-1nn,1,rb-6a9a36eaf506f9948fc95bbc,n=8,0.03,c8f2a8fd53c67166d2c74e79797209d6e9115ee6689825a50737cbcf02638e66,0,300,local-darwin-arm64-rust-1.93.0
baseline-hamming-1nn-rb-6e7f9ffa039b1c0f6b1acdda,hamming-1nn,1,rb-6e7f9ffa039b1c0f6b1acdda,n=10,0.03,768046977ddb592b53aab478b3cde9aae455f2236c8f29b550dda1fe19696540,0,300,local-darwin-arm64-rust-1.93.0
baseline-hamming-1nn-rb-6ecda868565d52a951bad25c,hamming-1nn,1,rb-6ecda868565d52a951bad25c,n=6,0.10,1ad74bc5f5683042c67cfc2d0ec0c6b96ee1e7937eee33578cbf4dde3f48d5fb,0,300,local-darwin-arm64-rust-1.93.0
baseline-hamming-1nn-rb-6f29cabf65f90a2d137ce986,hamming-1nn,1,rb-6f29cabf65f90a2d137ce986,n=8,0.03,2dd67dd6224dd06ed866d8761c95984d9d8eee4e48feff119646a03926232ca9,0,300,local-darwin-arm64-rust-1.93.0
baseline-hamming-1nn-rb-6f3b43783b7a144255e1f8d5,hamming-1nn,1,rb-6f3b43783b7a144255e1f8d5,n=10,0.03,bdc51d2df8ad3c1c9cf46f0469927b0e46b9e77d42f89bcb97bb6ebf3fe63f7b,0,300,local-darwin-arm64-rust-1.93.0
baseline-hamming-1nn-rb-7894fe3fdf2a2b7daa4bef7f,hamming-1nn,1,rb-7894fe3fdf2a2b7daa4bef7f,n=6,0.03,0dfec50966e275b8e8a2b85729e78933ba57fb24c3c131f897098013a03bbd29,0,300,local-darwin-arm64-rust-1.93.0
baseline-hamming-1nn-rb-78ed6131382d2bb2ebc4e552,hamming-1nn,1,rb-78ed6131382d2bb2ebc4e552,n=6,0.03,9068a1e391e351323cd24496fa3332b3eb57dd59dcf49c01edb0facde8acde49,0,300,local-darwin-arm64-rust-1.93.0
baseline-hamming-1nn-rb-7b20e093386ead279234826e,hamming-1nn,1,rb-7b20e093386ead279234826e,n=6,0.03,ec29b5525e0a25f1fe6659d5682aac4fc06f0b71f160600d4ef175b59d3cd362,0,300,local-darwin-arm64-rust-1.93.0
baseline-hamming-1nn-rb-7b61265f007869b3fc1387cd,hamming-1nn,1,rb-7b61265f007869b3fc1387cd,n=10,0.10,50e8bc447bdd0db42183bbe8fa4b09d8ec74b392280a7ea0972273d5e7219cd4,0,300,local-darwin-arm64-rust-1.93.0
baseline-hamming-1nn-rb-7df86fd8f779728c541b4b2f,hamming-1nn,1,rb-7df86fd8f779728c541b4b2f,n=10,0.03,291da705b866aac0f40455ec4652326b164f78a82dcdbe5fe343200ed50b9153,0,300,local-darwin-arm64-rust-1.93.0
baseline-hamming-1nn-rb-7ef60b6d1de090e29a409de7,hamming-1nn,1,rb-7ef60b6d1de090e29a409de7,n=8,0.03,66649d3ce5cb713e26a61b1bff918932ac9b03953ebcaf2031b12b616d6f7120,0,300,local-darwin-arm64-rust-1.93.0
baseline-hamming-1nn-rb-7f7ea33dfa1108619e4e7eea,hamming-1nn,1,rb-7f7ea33dfa1108619e4e7eea,n=8,0.03,c3b8267c8bc5129fbd8adb210775a7a251ca1f74904a748563644908047f8086,0,300,local-darwin-arm64-rust-1.93.0
baseline-hamming-1nn-rb-8046fd9e24ea5cb6ad0427a6,hamming-1nn,1,rb-8046fd9e24ea5cb6ad0427a6,n=10,0.03,21df0849b823061808cb540f8732e8ea27d9868216f6aba7d29242e895887ed3,0,300,local-darwin-arm64-rust-1.93.0
baseline-hamming-1nn-rb-811a2d6b1d4e6ba4f09f9347,hamming-1nn,1,rb-811a2d6b1d4e6ba4f09f9347,n=10,0.10,61393ba837220edd69913bbcb179c63ffbacfc37df012b98690005127042918f,0,300,local-darwin-arm64-rust-1.93.0
baseline-hamming-1nn-rb-83a7ea816bd240f2cd993874,hamming-1nn,1,rb-83a7ea816bd240f2cd993874,n=10,0.03,431280ae73b0fdb63bbc6ac0d6713001fedc7acd34b831a65b62ef367f0e2e6d,0,300,local-darwin-arm64-rust-1.93.0
baseline-hamming-1nn-rb-8640a1dede006bf22e00f63c,hamming-1nn,1,rb-8640a1dede006bf22e00f63c,n=10,0.03,38aae39c20119509911dcee86ed1b10e4f42c3cec67ab41fd4dd267261ca6010,0,300,local-darwin-arm64-rust-1.93.0
baseline-hamming-1nn-rb-8b6fd5bfbc1fae3175ab316f,hamming-1nn,1,rb-8b6fd5bfbc1fae3175ab316f,n=10,0.10,11be713f0cc032994440ac35b8187d35c5577eb26aa63999a87db481c1e853f5,0,300,local-darwin-arm64-rust-1.93.0
baseline-hamming-1nn-rb-8beeeca237df5abe7e5d2b4e,hamming-1nn,1,rb-8beeeca237df5abe7e5d2b4e,n=10,0.03,f97d8339c98c987efb91608c1e1b638c2734d2450c92d6871246e77e3a152592,0,300,local-darwin-arm64-rust-1.93.0
baseline-hamming-1nn-rb-8c1b57b291089e7a1a1d8854,hamming-1nn,1,rb-8c1b57b291089e7a1a1d8854,n=6,0.10,53f3a0e0d13ad995cfed1ed833e9915b543ef922b80f5bf9a74983043f83859f,0,300,local-darwin-arm64-rust-1.93.0
baseline-hamming-1nn-rb-8e8a73f70213c7198dcefe1b,hamming-1nn,1,rb-8e8a73f70213c7198dcefe1b,n=6,0.10,31717eb18e42a472c4dcb4f7f7817626fdfef7529ed664d9e00bd3027942fd3e,0,300,local-darwin-arm64-rust-1.93.0
baseline-hamming-1nn-rb-90a14e0afc933c254d5a5438,hamming-1nn,1,rb-90a14e0afc933c254d5a5438,n=10,0.03,0ae8491a478d6c917576ab2b19238ffdecaefc07453f881168ca15b31559d8c6,0,300,local-darwin-arm64-rust-1.93.0
baseline-hamming-1nn-rb-918b04409c7d09442011744a,hamming-1nn,1,rb-918b04409c7d09442011744a,n=10,0.03,32bbee422f76f9ac024fa4c19704718f61d375f93d7d0993afdc05df90bd7feb,0,300,local-darwin-arm64-rust-1.93.0
baseline-hamming-1nn-rb-92a2673de1ae079f4b6c56da,hamming-1nn,1,rb-92a2673de1ae079f4b6c56da,n=8,0.10,cbff418152c2046be387b12eb9d5608cf5c4d3c3a12a122184f9b168c281a69a,0,300,local-darwin-arm64-rust-1.93.0
baseline-hamming-1nn-rb-93219fa8b49bcdf42ddbae42,hamming-1nn,1,rb-93219fa8b49bcdf42ddbae42,n=8,0.03,f079268995bbcf7db9a2a4d57a475391a7b1fa159a8ba2660c6252b9b822a3ec,0,300,local-darwin-arm64-rust-1.93.0
baseline-hamming-1nn-rb-961279f465ac6862c5e95e8c,hamming-1nn,1,rb-961279f465ac6862c5e95e8c,n=8,0.03,9200a57dc09fc47aabe832fa381e6637c5e6c9a2f00be5cb616eaf0c4fc84965,0,300,local-darwin-arm64-rust-1.93.0
baseline-hamming-1nn-rb-99d5758dc45e9f46bb7c7152,hamming-1nn,1,rb-99d5758dc45e9f46bb7c7152,n=6,0.03,72caa1385b5a692a73399359c80893e3f01122cdba359ffeec7624392018b1ae,0,300,local-darwin-arm64-rust-1.93.0
baseline-hamming-1nn-rb-9ae437aa12ac5558e0bf5909,hamming-1nn,1,rb-9ae437aa12ac5558e0bf5909,n=10,0.03,053ffd4d7462d6b4ebff1c1c6328c3e8a35664bed3aa52f2618916f67fc5e9f9,0,300,local-darwin-arm64-rust-1.93.0
baseline-hamming-1nn-rb-9d41f09b554b2a0a7e9afe73,hamming-1nn,1,rb-9d41f09b554b2a0a7e9afe73,n=8,0.10,5149efe14a9ebf8429e8f6227cdca2f75d3f6b018259f70b445e081d8de62323,0,300,local-darwin-arm64-rust-1.93.0
baseline-hamming-1nn-rb-9d9cf6aedc13f3c3f3985ec2,hamming-1nn,1,rb-9d9cf6aedc13f3c3f3985ec2,n=6,0.03,1a97cd042c5325e717deb774ccfe6e698f03a2727a8461bc6a50a1ebba57bbe2,0,300,local-darwin-arm64-rust-1.93.0
baseline-hamming-1nn-rb-9dda24d8dae6ff01eb05b133,hamming-1nn,1,rb-9dda24d8dae6ff01eb05b133,n=8,0.10,116ec93d81a1d08ae9190139264b957121ac578176752881fe8f65e85b0499ad,0,300,local-darwin-arm64-rust-1.93.0
baseline-hamming-1nn-rb-9fa091cc69eecd074f9a3265,hamming-1nn,1,rb-9fa091cc69eecd074f9a3265,n=10,0.03,0074b7192a91620d6a5c1d06c599a4a946c7e2c2766dd8db5cf19440d5ca2019,0,300,local-darwin-arm64-rust-1.93.0
baseline-hamming-1nn-rb-a08ee6d5800fc34f3a173642,hamming-1nn,1,rb-a08ee6d5800fc34f3a173642,n=6,0.03,45bab19523dd59bd11f302717af49fdfb2b60133ffa3d9316fcc2dd36abef685,0,300,local-darwin-arm64-rust-1.93.0
baseline-hamming-1nn-rb-a292b061754b9ec399fee204,hamming-1nn,1,rb-a292b061754b9ec399fee204,n=10,0.10,a3a2b96f33d9ed6b29d80722ec35b06ccdb5774ba256d75c2c029472b9038bf7,0,300,local-darwin-arm64-rust-1.93.0
baseline-hamming-1nn-rb-a3d3d46718a11e74a923eaf7,hamming-1nn,1,rb-a3d3d46718a11e74a923eaf7,n=6,0.03,d73e4fec64ca0801e24e52a04f35197e2453cc6753214a7755a2c11a038343c7,0,300,local-darwin-arm64-rust-1.93.0
baseline-hamming-1nn-rb-a3d8dde0f98f0fba2c4c37f9,hamming-1nn,1,rb-a3d8dde0f98f0fba2c4c37f9,n=10,0.03,7e27874e97bba41f35e427e754931d17c0ecad8c0b3d43dcff2fde05c4c82f8e,0,300,local-darwin-arm64-rust-1.93.0
baseline-hamming-1nn-rb-a665365aad9e616e523ad50d,hamming-1nn,1,rb-a665365aad9e616e523ad50d,n=6,0.03,903beb926148a54845dd3488c3415459aab6ac0be42e5430f3d7f8599df5cee9,0,300,local-darwin-arm64-rust-1.93.0
baseline-hamming-1nn-rb-a699d32d613a158375760c0e,hamming-1nn,1,rb-a699d32d613a158375760c0e,n=8,0.10,c650cb261bbcf203abc4ce55ba3092c8c9c6f327ff0393481d0c6aa90edb7f10,0,300,local-darwin-arm64-rust-1.93.0
baseline-hamming-1nn-rb-a79056f9b76778c7a6805ade,hamming-1nn,1,rb-a79056f9b76778c7a6805ade,n=6,0.03,c9b3425b47f9f2c529b95a98e370df0db9bc486a12a7c41343ae68af1bd6491c,0,300,local-darwin-arm64-rust-1.93.0
baseline-hamming-1nn-rb-aa620d73b4f08378aa2ec72d,hamming-1nn,1,rb-aa620d73b4f08378aa2ec72d,n=8,0.10,994b09c04d86ce2da02ca4635dc71ba84847d283df398087645464f1ee9d38eb,0,300,local-darwin-arm64-rust-1.93.0
baseline-hamming-1nn-rb-aab3b4b0e2f395bca14eb96c,hamming-1nn,1,rb-aab3b4b0e2f395bca14eb96c,n=6,0.10,9fdde3d6b3f3882c29b7a0642a9ef2863c3626dc94f79408e486146623c9a96d,0,300,local-darwin-arm64-rust-1.93.0
baseline-hamming-1nn-rb-ad58f4d1e7f793cce4deddb4,hamming-1nn,1,rb-ad58f4d1e7f793cce4deddb4,n=8,0.10,aa2d5a8dc5909b51b9e87ba9eb38594dee68b9dcad69bb13181738afea82789b,0,300,local-darwin-arm64-rust-1.93.0
baseline-hamming-1nn-rb-ad6a37ad2304f38106ce3b34,hamming-1nn,1,rb-ad6a37ad2304f38106ce3b34,n=10,0.10,add44f4498fed044a882ef3696c352761e3eefd8af7370bcf1c128460dae0965,0,300,local-darwin-arm64-rust-1.93.0
baseline-hamming-1nn-rb-ae80aefc8c7f412e271e4ede,hamming-1nn,1,rb-ae80aefc8c7f412e271e4ede,n=8,0.10,28c8161490435c0bfc83a740c64d9977861875afe41776b3d0bb38719f9226b7,0,300,local-darwin-arm64-rust-1.93.0
baseline-hamming-1nn-rb-af8442befaa768babc458efa,hamming-1nn,1,rb-af8442befaa768babc458efa,n=8,0.03,98ebe27f84825f77e3f2ea0e5f1b20ccb4f80c46cfbb7a97c3253132118bb3e5,0,300,local-darwin-arm64-rust-1.93.0
baseline-hamming-1nn-rb-b28a8b00fa5d0909ab8309a3,hamming-1nn,1,rb-b28a8b00fa5d0909ab8309a3,n=8,0.10,48c6ec20c0736e4c52463cf2255eaf071dd7caeb8acd2675c9c1a4b4c6678d2f,0,300,local-darwin-arm64-rust-1.93.0
baseline-hamming-1nn-rb-b385a9a870f34a5f88bff2f0,hamming-1nn,1,rb-b385a9a870f34a5f88bff2f0,n=8,0.10,a5f7b6667e2d925b2771d5234d7a6db191591e7ebdf0cb2132b5b2a4a10326bf,0,300,local-darwin-arm64-rust-1.93.0
baseline-hamming-1nn-rb-b42893f80eeb79e4831e318a,hamming-1nn,1,rb-b42893f80eeb79e4831e318a,n=8,0.10,8e906e3bb06451413bcb918745333145dbac0db6086c0c5ad6f3c7189cded9d8,0,300,local-darwin-arm64-rust-1.93.0
baseline-hamming-1nn-rb-b44fea7174f38ae31ba766ce,hamming-1nn,1,rb-b44fea7174f38ae31ba766ce,n=10,0.10,fa84b64963eb0c6b10a9dfca65ffcadb8af221f3868f115e59a213463913bad2,0,300,local-darwin-arm64-rust-1.93.0
baseline-hamming-1nn-rb-b495f9e5e167dc77115fc6af,hamming-1nn,1,rb-b495f9e5e167dc77115fc6af,n=8,0.03,802e188c87f2ea091bbe82b2674b77a874c450b6171ca21f6737b653e1873398,0,300,local-darwin-arm64-rust-1.93.0
baseline-hamming-1nn-rb-b499fd407e703b79afa93969,hamming-1nn,1,rb-b499fd407e703b79afa93969,n=10,0.03,f532ade3166c09b7b58b9063d9a8904e8dbbaa8c56d7c7989268d109a41cd245,0,300,local-darwin-arm64-rust-1.93.0
baseline-hamming-1nn-rb-b777e71acd36609444247412,hamming-1nn,1,rb-b777e71acd36609444247412,n=6,0.03,9688d926aa476f31c9dd973e47e1fbe1e21b0582480cf362c8b0599295c4ba55,0,300,local-darwin-arm64-rust-1.93.0
baseline-hamming-1nn-rb-b78b8bc49c1e422bc4a37d23,hamming-1nn,1,rb-b78b8bc49c1e422bc4a37d23,n=8,0.10,13da9bd21e6fcfe17b13f239a87c7d382149137fc9b93d98c8dfe9f6d4145d48,0,300,local-darwin-arm64-rust-1.93.0
baseline-hamming-1nn-rb-bc6f03369769dcbe9cf84ae2,hamming-1nn,1,rb-bc6f03369769dcbe9cf84ae2,n=8,0.10,d57b063c4fa10e957cf1572759212ddccbfd6407c1149453236876056d1d25da,0,300,local-darwin-arm64-rust-1.93.0
baseline-hamming-1nn-rb-bdfa79ef58fc487e96f0cc61,hamming-1nn,1,rb-bdfa79ef58fc487e96f0cc61,n=8,0.10,edea4ea46193192c58f862bffbae5c17dc0f39b7c879c64b313375441f05209b,0,300,local-darwin-arm64-rust-1.93.0
baseline-hamming-1nn-rb-c181f83ea49a53a5b8b1c557,hamming-1nn,1,rb-c181f83ea49a53a5b8b1c557,n=8,0.10,9c395a6eaa71aa40d11d7ee79255134144b8a0b524b1ebe94943d040065ecda1,0,300,local-darwin-arm64-rust-1.93.0
baseline-hamming-1nn-rb-c3d4a67e9970717cacc5e220,hamming-1nn,1,rb-c3d4a67e9970717cacc5e220,n=10,0.03,b09fff1948f6a6bb5ba245686e65041e285c2514235ac85321e2ed3e0fff7b57,0,300,local-darwin-arm64-rust-1.93.0
baseline-hamming-1nn-rb-c62791a56ffb5ad37f814481,hamming-1nn,1,rb-c62791a56ffb5ad37f814481,n=10,0.10,85eb13b3de22cd7277b94d573aeb20ed256107b4cfd3834b2edec6118c918794,0,300,local-darwin-arm64-rust-1.93.0
baseline-hamming-1nn-rb-c8cad33a39d9208f1e3c6d46,hamming-1nn,1,rb-c8cad33a39d9208f1e3c6d46,n=8,0.03,2deccd3827ac2a5404f71d516e35de2572d61c1ce13be5533fcb9c6083380782,0,300,local-darwin-arm64-rust-1.93.0
baseline-hamming-1nn-rb-ca09e6aa54e8138a3fad9150,hamming-1nn,1,rb-ca09e6aa54e8138a3fad9150,n=6,0.03,cba52b812eec93f9fd4a462af4efddd026a4dd9c703d3972b3087c39e0045e16,0,300,local-darwin-arm64-rust-1.93.0
baseline-hamming-1nn-rb-cae13d1a65a3d7f27ae8a2e7,hamming-1nn,1,rb-cae13d1a65a3d7f27ae8a2e7,n=8,0.10,6477d7b1f1dcc0d93a4e798bcfcd95d3b98aa2524f1492bcd63b590db7e5f352,0,300,local-darwin-arm64-rust-1.93.0
baseline-hamming-1nn-rb-cb4e285feb19cd3a29caa0bb,hamming-1nn,1,rb-cb4e285feb19cd3a29caa0bb,n=10,0.03,3063fa6f987775564e7740241c72e9af7a9089640dac4323ef296e8ca531bb4a,0,300,local-darwin-arm64-rust-1.93.0
baseline-hamming-1nn-rb-ce2561fc9d626b5533f00d4b,hamming-1nn,1,rb-ce2561fc9d626b5533f00d4b,n=8,0.10,80605d4f951d0d6cea9358913b7ec054527ebfbc0234a534bd5ab496b49219a3,0,300,local-darwin-arm64-rust-1.93.0
baseline-hamming-1nn-rb-cf25a5b1d5a8efafdd51bf7a,hamming-1nn,1,rb-cf25a5b1d5a8efafdd51bf7a,n=8,0.10,161d3a8653fc846101dc3f1a7b481b316e6acf5c9f14219224b9f2a8915c3d2c,0,300,local-darwin-arm64-rust-1.93.0
baseline-hamming-1nn-rb-d11f3d57feee2dfbe5970d16,hamming-1nn,1,rb-d11f3d57feee2dfbe5970d16,n=10,0.10,f335eb6c37f4d150f428206d8807a412b4339116d6df3b12ab6c828323abae88,0,300,local-darwin-arm64-rust-1.93.0
baseline-hamming-1nn-rb-d3a3fd239d073e221b859112,hamming-1nn,1,rb-d3a3fd239d073e221b859112,n=8,0.03,8d57b462428ba66c15a4699ddde0ab2e9086a639ae50931ef6ad0faaef296a70,0,300,local-darwin-arm64-rust-1.93.0
baseline-hamming-1nn-rb-d44fdb6f8ced96973e63d5c9,hamming-1nn,1,rb-d44fdb6f8ced96973e63d5c9,n=8,0.03,e5524b8beecde65bd027241a71d0a844818a43aa9eade4540e3605a32210a8d3,0,300,local-darwin-arm64-rust-1.93.0
baseline-hamming-1nn-rb-d4de8ed72667045da16e77c3,hamming-1nn,1,rb-d4de8ed72667045da16e77c3,n=8,0.10,4fa54b9fb266f55830e8d1941ca128f4d943e69a9d75973e19f6b9185f2df0be,0,300,local-darwin-arm64-rust-1.93.0
baseline-hamming-1nn-rb-d51745e1672aab89b27c4254,hamming-1nn,1,rb-d51745e1672aab89b27c4254,n=8,0.10,ca43d6eb175a55a3cb961f8f2317aaa5feb8db907adcae54d910c1b72595430c,0,300,local-darwin-arm64-rust-1.93.0
baseline-hamming-1nn-rb-d5f24d6cc8053f86fa9897f0,hamming-1nn,1,rb-d5f24d6cc8053f86fa9897f0,n=8,0.10,ed1bb7d7bea2167a3c0103e5c404c3afecb4b50552d1c12384e7f46a0c791975,0,300,local-darwin-arm64-rust-1.93.0
baseline-hamming-1nn-rb-d8a69dcafa42777542dcdc1b,hamming-1nn,1,rb-d8a69dcafa42777542dcdc1b,n=6,0.10,22446e91ff4d2bf20ff9a011b2a9fca6020de665fd2f79fde039777130a5fd4e,0,300,local-darwin-arm64-rust-1.93.0
baseline-hamming-1nn-rb-d93381df1cb13c6f89afd46a,hamming-1nn,1,rb-d93381df1cb13c6f89afd46a,n=10,0.10,86b42cb3ab51d82a2cd847fb15828ef32c05e3bc8b4ba93d8dbd2a173b8a5925,0,300,local-darwin-arm64-rust-1.93.0
baseline-hamming-1nn-rb-d9784ddeba6397cbfb8787d0,hamming-1nn,1,rb-d9784ddeba6397cbfb8787d0,n=10,0.10,060faf44fbf643da52ae46a92d23136b173b427564b58b31d3992747fa421929,0,300,local-darwin-arm64-rust-1.93.0
baseline-hamming-1nn-rb-da7374cb0fef58164fa655aa,hamming-1nn,1,rb-da7374cb0fef58164fa655aa,n=6,0.10,f9a5aa9ced2f802ab81236842f856d229130c35a8a4a74fdb2111c975fee10e5,0,300,local-darwin-arm64-rust-1.93.0
baseline-hamming-1nn-rb-dd9a932a31514f3ab3757fd1,hamming-1nn,1,rb-dd9a932a31514f3ab3757fd1,n=8,0.10,8cd4efd8a7924eb11424fe4e038f4a63582a2fd8d81c8e98c7616a573c03d43e,0,300,local-darwin-arm64-rust-1.93.0
baseline-hamming-1nn-rb-ddb55b9fe17affa749f56c09,hamming-1nn,1,rb-ddb55b9fe17affa749f56c09,n=8,0.10,629e779d27e16460b795d0d90f6ed08f0a06e3357d577e9fb6f2cf0fda15338f,0,300,local-darwin-arm64-rust-1.93.0
baseline-hamming-1nn-rb-de5e721f60d53acf293decc4,hamming-1nn,1,rb-de5e721f60d53acf293decc4,n=6,0.03,1f99eb777196941f188e45fbd999c58a2b0eb9a39346ca96e02a6d53eddb67cd,0,300,local-darwin-arm64-rust-1.93.0
baseline-hamming-1nn-rb-dee3433466a3a139da006801,hamming-1nn,1,rb-dee3433466a3a139da006801,n=10,0.10,35353c75adb7da1fe59d4d86addd86c96b36585b60ac380c8e2fe1acc0be9ee2,0,300,local-darwin-arm64-rust-1.93.0
baseline-hamming-1nn-rb-df511c77d2186aaf6e9b3444,hamming-1nn,1,rb-df511c77d2186aaf6e9b3444,n=6,0.10,0b4023615519755dd35ae087b8e28d628b39c05d794361edb1ef76dea55a7ac3,0,300,local-darwin-arm64-rust-1.93.0
baseline-hamming-1nn-rb-dfe6f739b9f05b2db0e432d0,hamming-1nn,1,rb-dfe6f739b9f05b2db0e432d0,n=6,0.10,c545c36cf83e432287f02407290b4f2ffec35261bdd94b089d6e619aa97cba72,0,300,local-darwin-arm64-rust-1.93.0
baseline-hamming-1nn-rb-dff2ed271f2b0f28a1485645,hamming-1nn,1,rb-dff2ed271f2b0f28a1485645,n=10,0.10,d8655b06d8e46ae41fa502318c644967c72d7f99654eccaa669d8485302a71e7,0,300,local-darwin-arm64-rust-1.93.0
baseline-hamming-1nn-rb-e5a36a28ad8bc492ca3bb36b,hamming-1nn,1,rb-e5a36a28ad8bc492ca3bb36b,n=6,0.10,b402998b3e01e0d185d5448a25d4e78cef55663cbd92cb847a9ca5b5362f03c2,0,300,local-darwin-arm64-rust-1.93.0
baseline-hamming-1nn-rb-e70a5006cb53f89948ccfb48,hamming-1nn,1,rb-e70a5006cb53f89948ccfb48,n=6,0.10,be0e42d5af5d98f2d17d97d8f70c4e5a41df1f5e579a7ffafd2d621845006514,0,300,local-darwin-arm64-rust-1.93.0
baseline-hamming-1nn-rb-ea0e8e07f4837fb7e92a0d7c,hamming-1nn,1,rb-ea0e8e07f4837fb7e92a0d7c,n=8,0.03,5224d5434842f582fcb25f74a025eb42143491db820eab425cce91e37933d9f9,0,300,local-darwin-arm64-rust-1.93.0
baseline-hamming-1nn-rb-eaad9920b59bdac7127249d2,hamming-1nn,1,rb-eaad9920b59bdac7127249d2,n=6,0.10,e5a652a408863ae1ea52ea29806ac710f4c2cafc34166f9ee26a060dd29d62ad,0,300,local-darwin-arm64-rust-1.93.0
baseline-hamming-1nn-rb-eb6e814a34b99edfa0a39ab5,hamming-1nn,1,rb-eb6e814a34b99edfa0a39ab5,n=6,0.10,5ce4fec1d212e81a3e07e0d55c9a2176d4bc0225e3c19cb24b7b6ba2b4ad97e8,0,300,local-darwin-arm64-rust-1.93.0
baseline-hamming-1nn-rb-ebb37e26365db169d5f39bd9,hamming-1nn,1,rb-ebb37e26365db169d5f39bd9,n=6,0.10,962d14356dc40e7bb78e327abfa3af367b1d65148c959e737cccc171eb58e21e,0,300,local-darwin-arm64-rust-1.93.0
baseline-hamming-1nn-rb-ebf43d4b89a771015286685c,hamming-1nn,1,rb-ebf43d4b89a771015286685c,n=6,0.03,8165cb98a1153d9725940cb7466a33a83c95140519df6e6614d350c239399376,0,300,local-darwin-arm64-rust-1.93.0
baseline-hamming-1nn-rb-ecff5200c3b531f997f12713,hamming-1nn,1,rb-ecff5200c3b531f997f12713,n=10,0.03,cff45d95a8664f22c1996906fcf912cde36af06dbb7350fa5c4a7b69f3d4060e,0,300,local-darwin-arm64-rust-1.93.0
baseline-hamming-1nn-rb-edf0892ea4bdff611a39379b,hamming-1nn,1,rb-edf0892ea4bdff611a39379b,n=6,0.10,d11393a9d514db39c5c3068adc0022c977946aac0208dec3cc983ba8d1b1ace2,0,300,local-darwin-arm64-rust-1.93.0
baseline-hamming-1nn-rb-ee420544ff18367bb2330f12,hamming-1nn,1,rb-ee420544ff18367bb2330f12,n=8,0.03,82ffcf82d74273b67ac515e3d05343eda37e8050bfde0085d507e7fa97d334bb,0,300,local-darwin-arm64-rust-1.93.0
baseline-hamming-1nn-rb-f0973fc57413120dd35c3cf3,hamming-1nn,1,rb-f0973fc57413120dd35c3cf3,n=10,0.10,0f9339a6d6f53e32bca95f3408d776bcacc7d2e23b848c95f6030204db8281a6,0,300,local-darwin-arm64-rust-1.93.0
baseline-hamming-1nn-rb-f3170afa9e9a6a58a21fc775,hamming-1nn,1,rb-f3170afa9e9a6a58a21fc775,n=10,0.10,a7ffdc439a0be989c95cb310c41c0525ed6d7085cacb40e71db1835143a463f4,0,300,local-darwin-arm64-rust-1.93.0
baseline-hamming-1nn-rb-f35e309e72323de1d52b26d3,hamming-1nn,1,rb-f35e309e72323de1d52b26d3,n=8,0.03,9b032856820b1197753f71e4384a5e9987612b97aa0e891553309c33bcad60e2,0,300,local-darwin-arm64-rust-1.93.0
baseline-hamming-1nn-rb-f6fe818608a9f07a5650f67b,hamming-1nn,1,rb-f6fe818608a9f07a5650f67b,n=6,0.10,bb62306ba1a2e69954e23f55a7612c6e231b818c91d61fb28cecf5ddb0c73d1f,0,300,local-darwin-arm64-rust-1.93.0
baseline-hamming-1nn-rb-f7b917399d43255908f83fe0,hamming-1nn,1,rb-f7b917399d43255908f83fe0,n=8,0.03,4f6efd99a88cad5edf108eceecef7717dcc4b7cb8c7119d3311c84ecb7d15a7a,0,300,local-darwin-arm64-rust-1.93.0
baseline-hamming-1nn-rb-f99977e14ac185a4f39b7826,hamming-1nn,1,rb-f99977e14ac185a4f39b7826,n=6,0.03,d0cb52c592736a5b5b54b6ff91af5ce3a1212d1d74441d4cf2db6697e0e8f5fe,0,300,local-darwin-arm64-rust-1.93.0
baseline-hamming-1nn-rb-fa01cccafcf5efaac6c2617d,hamming-1nn,1,rb-fa01cccafcf5efaac6c2617d,n=6,0.10,e434c50130edd4fe92f44621e0616d6987ea0c7b1798cc1305e202f237662dae,0,300,local-darwin-arm64-rust-1.93.0
baseline-hamming-1nn-rb-fad29e6bdd20af2706d464db,hamming-1nn,1,rb-fad29e6bdd20af2706d464db,n=6,0.10,8655611849db41ab74e6fefeec80beb81f0131f7f778bb8ca76bb168e3b76a00,0,300,local-darwin-arm64-rust-1.93.0
baseline-hamming-1nn-rb-fb07bf488d996e2fe00868e9,hamming-1nn,1,rb-fb07bf488d996e2fe00868e9,n=10,0.03,8a6ead4084d6ee799510de5176e4ab3b22bcf0b34b6727c88adbe88e65a38347,0,300,local-darwin-arm64-rust-1.93.0
baseline-hamming-1nn-rb-ffdd7ac81f62fe6e722330dd,hamming-1nn,1,rb-ffdd7ac81f62fe6e722330dd,n=10,0.03,c3f2eeb55013b8b9bd4797478db30116b833b444ecc52f966891f5a6c5d38793,0,300,local-darwin-arm64-rust-1.93.0
baseline-zero-fill-rb-0117e91caa7937aca59df6c1,zero-fill,1,rb-0117e91caa7937aca59df6c1,n=6,0.03,54f36faa14af5c4c1fe7ce322b3f00660cecf907a1308ebfb41c29093f947898,0,300,local-darwin-arm64-rust-1.93.0
baseline-zero-fill-rb-0274a5c12342c7065766e77a,zero-fill,1,rb-0274a5c12342c7065766e77a,n=6,0.03,8f4b3025c390d0fadad7cde44f619d6efc53fa4e8c0cd7ddcaf4d6cd1290d22e,0,300,local-darwin-arm64-rust-1.93.0
baseline-zero-fill-rb-02b9216b5509b0c63476ab47,zero-fill,1,rb-02b9216b5509b0c63476ab47,n=8,0.03,65764580591cee333e3c229d420099c51cdfb258de97fa8eab23b2b70deec800,0,300,local-darwin-arm64-rust-1.93.0
baseline-zero-fill-rb-050951ac38824143ce2846d3,zero-fill,1,rb-050951ac38824143ce2846d3,n=6,0.10,670b2aee6bceaa2e20ad244cbee04a33aae67069d1f8fbc2b53b6899930e082b,0,300,local-darwin-arm64-rust-1.93.0
baseline-zero-fill-rb-060a500319293ea9ff6a722f,zero-fill,1,rb-060a500319293ea9ff6a722f,n=10,0.03,7c9a874bcfd81802b6ffd65ce3ce140eb5f4fbb325d1a9e43075df912bac3b3a,0,300,local-darwin-arm64-rust-1.93.0
baseline-zero-fill-rb-076a5ca8b61b16257600e416,zero-fill,1,rb-076a5ca8b61b16257600e416,n=6,0.03,a20c54875c36a10bd48f27a76fe856e102bbd45d2ce8e12784ff0fc28769c106,0,300,local-darwin-arm64-rust-1.93.0
baseline-zero-fill-rb-092b576c54435c14f2e65649,zero-fill,1,rb-092b576c54435c14f2e65649,n=10,0.03,f56737632903356dffc9fb298085eab6eef813d46ad4b90c8f8bfc001b98d7b7,0,300,local-darwin-arm64-rust-1.93.0
baseline-zero-fill-rb-09d9ab2a1804f100bd99495d,zero-fill,1,rb-09d9ab2a1804f100bd99495d,n=8,0.03,1d20f3436c04a67de95e9194498363b91ebd2855552a72082994105b44064b89,0,300,local-darwin-arm64-rust-1.93.0
baseline-zero-fill-rb-0a3aa86646da4c10c7cb7023,zero-fill,1,rb-0a3aa86646da4c10c7cb7023,n=10,0.03,7169722c0a7e321bbb19f64c251401e03e55c03d98b621de15bee379dc6db4ad,0,300,local-darwin-arm64-rust-1.93.0
baseline-zero-fill-rb-0d5c6fd7e6953967f50dc188,zero-fill,1,rb-0d5c6fd7e6953967f50dc188,n=8,0.03,4ccd8679d0295fc0507677f33f28cd213f55ad743ab8bad1ca89697c3d8f3a20,0,300,local-darwin-arm64-rust-1.93.0
baseline-zero-fill-rb-0fe835d0d2d6d26d81332cbe,zero-fill,1,rb-0fe835d0d2d6d26d81332cbe,n=8,0.03,e03926767f6b1596731fcb88aceb73912c250e0dbb7776bc234d2e590c44098a,0,300,local-darwin-arm64-rust-1.93.0
baseline-zero-fill-rb-117759b024bb7b144ef06c29,zero-fill,1,rb-117759b024bb7b144ef06c29,n=8,0.10,37636d09d7e8a9e6188e46cfd806bb5a5e6566750098a4ab1107b31b99e25b73,0,300,local-darwin-arm64-rust-1.93.0
baseline-zero-fill-rb-13d99205de52949530ca15bd,zero-fill,1,rb-13d99205de52949530ca15bd,n=8,0.03,8cbccef8c7945cd269f1ebf0b59b481a37003981022b7a3dff9a399f6ea7a6ee,0,300,local-darwin-arm64-rust-1.93.0
baseline-zero-fill-rb-14a91e81dc5548b0701c5985,zero-fill,1,rb-14a91e81dc5548b0701c5985,n=6,0.10,9c00890cf1df445c5ad0e9de2cbdc540835ea011f5702dc73cb14ab59dfa972d,0,300,local-darwin-arm64-rust-1.93.0
baseline-zero-fill-rb-14ca0c1f98006ecdb7c8bb7c,zero-fill,1,rb-14ca0c1f98006ecdb7c8bb7c,n=6,0.03,3cc79c3d7df6ab81c5e8bc1e071cd177e3f6cb46f05f850e79a631f7dd885daf,0,300,local-darwin-arm64-rust-1.93.0
baseline-zero-fill-rb-15689b706e2610c73d3e794b,zero-fill,1,rb-15689b706e2610c73d3e794b,n=8,0.10,1f84dd52984d67a2692896212e2d10b8c67bf2fea4e3690d00db6c5262aab8e2,0,300,local-darwin-arm64-rust-1.93.0
baseline-zero-fill-rb-15b7e9eb71ec4b6b30a45f8e,zero-fill,1,rb-15b7e9eb71ec4b6b30a45f8e,n=8,0.03,a06e84a1292fd88c3bcb970c70831a78a4d4ee52cb2710f58d2e4a6ed4f6c802,0,300,local-darwin-arm64-rust-1.93.0
baseline-zero-fill-rb-1766c892615f21adb7d60f30,zero-fill,1,rb-1766c892615f21adb7d60f30,n=10,0.10,741e70366d4a7ad7d6065ea62398d65dc57718888f5f777aeea620c25500f174,0,300,local-darwin-arm64-rust-1.93.0
baseline-zero-fill-rb-1779b898a18c8f1da3be594f,zero-fill,1,rb-1779b898a18c8f1da3be594f,n=6,0.10,923f01b72b74cd6c3b01879fa6ed03904afc4766285e1fc8a7eeb714207bc24d,0,300,local-darwin-arm64-rust-1.93.0
baseline-zero-fill-rb-1924b4b8ee06065726e812a9,zero-fill,1,rb-1924b4b8ee06065726e812a9,n=6,0.03,a0b173cf5c9554051813c59c301bbfa8d9ffaa9e8977fd33fd8eaae5ddf973b1,0,300,local-darwin-arm64-rust-1.93.0
baseline-zero-fill-rb-1a5b733d623782da0017e1e9,zero-fill,1,rb-1a5b733d623782da0017e1e9,n=6,0.03,7f34e944e55f58887765ab5aa2d20bf57ead682e5d929d604b31ece162b39910,0,300,local-darwin-arm64-rust-1.93.0
baseline-zero-fill-rb-1a99bb2a23f5cd3c954e1e23,zero-fill,1,rb-1a99bb2a23f5cd3c954e1e23,n=10,0.10,b978c1a3d07d484120d4dbd15e971e40909fb60e6603457349fc7e2e53e3941c,0,300,local-darwin-arm64-rust-1.93.0
baseline-zero-fill-rb-1af2ce8f2e432428515d1ee4,zero-fill,1,rb-1af2ce8f2e432428515d1ee4,n=10,0.03,17727dba0749b86f7e603735a5d8732c7bb24b9500ccbf9e58e7379e8ea02275,0,300,local-darwin-arm64-rust-1.93.0
baseline-zero-fill-rb-1b538d267fb991e836c57310,zero-fill,1,rb-1b538d267fb991e836c57310,n=6,0.10,3bc0a620c0852aa80cbf802b327cb355b6a0f6c44387e480f7b9250c2db4553e,0,300,local-darwin-arm64-rust-1.93.0
baseline-zero-fill-rb-1bc2093b0dd683197fa1c7d6,zero-fill,1,rb-1bc2093b0dd683197fa1c7d6,n=8,0.10,6cda94221dd43e37f9900ac0eeb65252f23930cde4087ee84763cd2ea1bb4303,0,300,local-darwin-arm64-rust-1.93.0
baseline-zero-fill-rb-1d2b7c326bf4d7aae1539543,zero-fill,1,rb-1d2b7c326bf4d7aae1539543,n=10,0.03,41a69b1c698cc39032cb80f2c5c81d7e09e9982dfe155648f861e48457580491,0,300,local-darwin-arm64-rust-1.93.0
baseline-zero-fill-rb-1de90e7d72c95ddf2cd133dc,zero-fill,1,rb-1de90e7d72c95ddf2cd133dc,n=6,0.10,4c53075b0f5afcca09f24ae5e8a404a2376dec830c5bad41b96128f4379d8c9a,0,300,local-darwin-arm64-rust-1.93.0
baseline-zero-fill-rb-1e3ec4fe767cf5226fc11dab,zero-fill,1,rb-1e3ec4fe767cf5226fc11dab,n=6,0.10,ce557208cdc9c2b300cfccd20ace0276d72e82661d51bef301fa03cca845431c,0,300,local-darwin-arm64-rust-1.93.0
baseline-zero-fill-rb-2042e0caa560d9896607574a,zero-fill,1,rb-2042e0caa560d9896607574a,n=6,0.10,a73536ec8dad85a096143ed5f059043a3aad143ffd6100feed9dc19bcaf927d4,0,300,local-darwin-arm64-rust-1.93.0
baseline-zero-fill-rb-23c89a6cd4ba45e798554906,zero-fill,1,rb-23c89a6cd4ba45e798554906,n=10,0.10,ab80da53425a708422f7541d19db25dd7967d58b77582340bd1e2c5185be34a2,0,300,local-darwin-arm64-rust-1.93.0
baseline-zero-fill-rb-248ca2bd6fb2f7b1aa8207c3,zero-fill,1,rb-248ca2bd6fb2f7b1aa8207c3,n=6,0.03,e46d3f63bfa0fe6d5a5f75c8138ec390f891552c8aba422a501ea089f5d42298,0,300,local-darwin-arm64-rust-1.93.0
baseline-zero-fill-rb-24bbea5e3db7ab3e28efdb86,zero-fill,1,rb-24bbea5e3db7ab3e28efdb86,n=10,0.03,3f241e6ee093d24b177fd44e656f0d45d9292d26d0f695d8dd10ff99be7a92dd,0,300,local-darwin-arm64-rust-1.93.0
baseline-zero-fill-rb-25f398b37a055417dc70658c,zero-fill,1,rb-25f398b37a055417dc70658c,n=6,0.03,e0830e5b4dde8927ded85ae856e67964f0d072a998e2967a88101fa9c09832dc,0,300,local-darwin-arm64-rust-1.93.0
baseline-zero-fill-rb-2722adec8ee89de1f5c7031d,zero-fill,1,rb-2722adec8ee89de1f5c7031d,n=10,0.03,c59c5e90a0a29e03c4fcd3419536a43e5717f8964c88214342a6b11e664dc1d4,0,300,local-darwin-arm64-rust-1.93.0
baseline-zero-fill-rb-27735c4093013a8e883f18c7,zero-fill,1,rb-27735c4093013a8e883f18c7,n=10,0.10,ff1ee8990b339117417363c9d3aad92d1a874024651b2814255c5ba883ece8f9,0,300,local-darwin-arm64-rust-1.93.0
baseline-zero-fill-rb-2b69459c6c580d992d8390d6,zero-fill,1,rb-2b69459c6c580d992d8390d6,n=8,0.03,604b538370d12798875cb30367a3fc861d3be49ff5fb15a97e0d505e6050df3e,0,300,local-darwin-arm64-rust-1.93.0
baseline-zero-fill-rb-2c379dd8780237cd75d45116,zero-fill,1,rb-2c379dd8780237cd75d45116,n=10,0.03,2e6df438b85a1c1875a09daee33d37cbae8a4d38fef7a9c92b78a07768706e79,0,300,local-darwin-arm64-rust-1.93.0
baseline-zero-fill-rb-2d07e7bc58d6be2d0a700776,zero-fill,1,rb-2d07e7bc58d6be2d0a700776,n=10,0.10,306f73d4bf66c5f8f1942d07c28a16f84be1e7ff3da0c6fd3f5403d4e9fdbce8,0,300,local-darwin-arm64-rust-1.93.0
baseline-zero-fill-rb-2dc59903e98cc8f52bbfe6a9,zero-fill,1,rb-2dc59903e98cc8f52bbfe6a9,n=6,0.10,5cf2a33d4f22b8925762e3f771a1b7dfa6839e82b731f1923905019e99a5abfb,0,300,local-darwin-arm64-rust-1.93.0
baseline-zero-fill-rb-2f75f8de4356c0bbaa183c7f,zero-fill,1,rb-2f75f8de4356c0bbaa183c7f,n=8,0.03,f53637d296c72116c6e82f3adb7e1b13174e377113bb3c3fdc0bb83543e29c0c,0,300,local-darwin-arm64-rust-1.93.0
baseline-zero-fill-rb-30a8038e047365edb4e04fcf,zero-fill,1,rb-30a8038e047365edb4e04fcf,n=8,0.10,3648775b84c4058f50ab8b8070cd1fe3c3314b2958a7cc29812ee50426030051,0,300,local-darwin-arm64-rust-1.93.0
baseline-zero-fill-rb-3170fd0f1daa615f07901d79,zero-fill,1,rb-3170fd0f1daa615f07901d79,n=8,0.10,0ac4db02319d20030579ac574d7515627461b3837b20baf909f53e3f99a1a73c,0,300,local-darwin-arm64-rust-1.93.0
baseline-zero-fill-rb-33c2d056652ee6d519e1d786,zero-fill,1,rb-33c2d056652ee6d519e1d786,n=10,0.10,e15a38b3eee01c95fc7347aac6b7bfc7690cadb5948551c302a8271e0aa93eea,0,300,local-darwin-arm64-rust-1.93.0
baseline-zero-fill-rb-3476889ee42e473a00c9f904,zero-fill,1,rb-3476889ee42e473a00c9f904,n=10,0.03,22817f6b55df09386cca92545cec5d206c46ce2f9fdfd17e8bbc9050e8f286ad,0,300,local-darwin-arm64-rust-1.93.0
baseline-zero-fill-rb-34d43726af1d8975f6013896,zero-fill,1,rb-34d43726af1d8975f6013896,n=6,0.03,3b3e28c32b632bb8759565b6bc0578c75fdd108452aa98a4a8aa4134d0f595d6,0,300,local-darwin-arm64-rust-1.93.0
baseline-zero-fill-rb-36c3868d223c044d5460a097,zero-fill,1,rb-36c3868d223c044d5460a097,n=10,0.10,5c780262dd58db2055507cd22e33ddf18fb441d95feedd2d5ca0eb0ef9795f91,0,300,local-darwin-arm64-rust-1.93.0
baseline-zero-fill-rb-3742b483d23d4d9ada24d7a9,zero-fill,1,rb-3742b483d23d4d9ada24d7a9,n=8,0.03,0bf46a6d6caf6c7f7f0ef02b0669795591dd7f80f2f276996ab8c879f48ee44d,0,300,local-darwin-arm64-rust-1.93.0
baseline-zero-fill-rb-3ad2e57491a27f922575c669,zero-fill,1,rb-3ad2e57491a27f922575c669,n=10,0.03,be790c9a55138b4dcbeb5bfd7e6a009102cb13c5d6f9920eed19a26e2e7bf203,0,300,local-darwin-arm64-rust-1.93.0
baseline-zero-fill-rb-3c7396616b7689836c09a80f,zero-fill,1,rb-3c7396616b7689836c09a80f,n=10,0.10,04e14d5a2fd7ded17a72949d12adbd21b8cd6cd696c5da193021d5a22b56707d,0,300,local-darwin-arm64-rust-1.93.0
baseline-zero-fill-rb-4074bf1a6c5bf8107c00bde0,zero-fill,1,rb-4074bf1a6c5bf8107c00bde0,n=6,0.03,deaadce500f15b07bb42c8bb867218b3905ef6306d9be84eb0693c539b15cf99,0,300,local-darwin-arm64-rust-1.93.0
baseline-zero-fill-rb-42d3a6d0a70e02331aa445f7,zero-fill,1,rb-42d3a6d0a70e02331aa445f7,n=6,0.03,7ff1735f3e4c9c538756d12d626962e1abb8f3bbf3f3ea437310a50214bd264c,0,300,local-darwin-arm64-rust-1.93.0
baseline-zero-fill-rb-45b7b05830698df48bf432e0,zero-fill,1,rb-45b7b05830698df48bf432e0,n=6,0.03,5d5c9482e6cb91591a148e4631addce35738aa9724dcec747846502a559ebe39,0,300,local-darwin-arm64-rust-1.93.0
baseline-zero-fill-rb-46e0fa82d6bdb1693a50bab0,zero-fill,1,rb-46e0fa82d6bdb1693a50bab0,n=8,0.03,0a43d7d1cec1e3b91aa74950a69df97e757fa6f05966e59e8f8ce434f24e4a38,0,300,local-darwin-arm64-rust-1.93.0
baseline-zero-fill-rb-47ee837174000d4b6cf73ddd,zero-fill,1,rb-47ee837174000d4b6cf73ddd,n=8,0.03,12d3e1b56c33f6740b78cc5c45e911432e488abe8f5aca092466bffbc24abac1,0,300,local-darwin-arm64-rust-1.93.0
baseline-zero-fill-rb-4a2b81bf891680da65698507,zero-fill,1,rb-4a2b81bf891680da65698507,n=6,0.03,088520514cd762f6d1ed5aaea98946cb00623193a0f9e88a88fb699d5e8f8f03,0,300,local-darwin-arm64-rust-1.93.0
baseline-zero-fill-rb-4db9763f09ec3ff5ca13ec5f,zero-fill,1,rb-4db9763f09ec3ff5ca13ec5f,n=6,0.10,08d477247f2ebf5fb09b557c8bc026fe7bba7ecc9843169477c925db57c8987a,0,300,local-darwin-arm64-rust-1.93.0
baseline-zero-fill-rb-4e3b0d8c8a422a7bdbcc047f,zero-fill,1,rb-4e3b0d8c8a422a7bdbcc047f,n=10,0.10,0c06799d5d1dfd5b90dd8a4f5334dbce73f7ec239d16b6cf420fb800d948ee8b,0,300,local-darwin-arm64-rust-1.93.0
baseline-zero-fill-rb-4e45e6c48e13bd99b0c038c4,zero-fill,1,rb-4e45e6c48e13bd99b0c038c4,n=10,0.10,c86b71b829431e5908829f00e1a011ed0ab16fbb9fdac06a9b10437839f07662,0,300,local-darwin-arm64-rust-1.93.0
baseline-zero-fill-rb-52160a71cc3e8c940a761f0e,zero-fill,1,rb-52160a71cc3e8c940a761f0e,n=6,0.10,2625fcf81b9409a58526d05d731a6b8161cf78cf63d0a7d7d026e420ba4d679e,0,300,local-darwin-arm64-rust-1.93.0
baseline-zero-fill-rb-52b83d4c96f175c6680aedd4,zero-fill,1,rb-52b83d4c96f175c6680aedd4,n=6,0.10,fb8223ba5416010bbe31cf9a2a07d5ff182bb6245c6f14d6adaeae1bedb16dcf,0,300,local-darwin-arm64-rust-1.93.0
baseline-zero-fill-rb-52d6b7787fe1330c4c06df59,zero-fill,1,rb-52d6b7787fe1330c4c06df59,n=8,0.03,46191d11cd6594b97a4ddc09302c8d0358d517c8be1f33c51970fae82f1f6700,0,300,local-darwin-arm64-rust-1.93.0
baseline-zero-fill-rb-5479856cca5a461b720d76ff,zero-fill,1,rb-5479856cca5a461b720d76ff,n=10,0.10,0d27949dbced61fe7e85a6e2fb72be04f898604509def4c8fa604695c9c97fa9,0,300,local-darwin-arm64-rust-1.93.0
baseline-zero-fill-rb-5524a87922df9afd8e74522f,zero-fill,1,rb-5524a87922df9afd8e74522f,n=10,0.03,b12c40cac13fe8d1d1cf397b305d00d2ad666c51f3c28e7c244a05774db2664a,0,300,local-darwin-arm64-rust-1.93.0
baseline-zero-fill-rb-55aa0b76edfee8d3c3faf8ce,zero-fill,1,rb-55aa0b76edfee8d3c3faf8ce,n=10,0.10,d2379bc237bfde200c10dcdd09c29b1f2550a79d2bc8851d7d8e9248f9b160e0,0,300,local-darwin-arm64-rust-1.93.0
baseline-zero-fill-rb-562fba2fff524fd52841cd17,zero-fill,1,rb-562fba2fff524fd52841cd17,n=10,0.10,a869e8428765ca7bfb93532817ee55dadee5f92bcc2df1eb2613aa22ca628a5d,0,300,local-darwin-arm64-rust-1.93.0
baseline-zero-fill-rb-56df09f62aa720e2ab777720,zero-fill,1,rb-56df09f62aa720e2ab777720,n=8,0.03,047e733364d3b4154609412607bba8a34b9ad3b70eb1bc5e74c95a19cdcde0fc,0,300,local-darwin-arm64-rust-1.93.0
baseline-zero-fill-rb-583618e0174afc8ead26f601,zero-fill,1,rb-583618e0174afc8ead26f601,n=6,0.10,c0677b89a33762a4fd975eeaab34ecb488ed092bef9082e8f09f89b12352d004,0,300,local-darwin-arm64-rust-1.93.0
baseline-zero-fill-rb-58d356300a851194131dfb48,zero-fill,1,rb-58d356300a851194131dfb48,n=10,0.10,241f4ef2f8b65bd3bc81a183866c08b77fd90f71fa92189470f931961073fffc,0,300,local-darwin-arm64-rust-1.93.0
baseline-zero-fill-rb-598e6b46f5efe8412ed82ae3,zero-fill,1,rb-598e6b46f5efe8412ed82ae3,n=10,0.10,7fd9afc6aaa73db7d40a098b3a175173ec24584e696d46657e92b7339bf42220,0,300,local-darwin-arm64-rust-1.93.0
baseline-zero-fill-rb-5cb628f7f2e05c9f49b5c0fd,zero-fill,1,rb-5cb628f7f2e05c9f49b5c0fd,n=6,0.03,17c221a81906ed0df2b0a8dbbb366bb6d2ff69c481fc86d5098bb407f7d779cf,0,300,local-darwin-arm64-rust-1.93.0
baseline-zero-fill-rb-5e4326eb465919cf2ce0a6dd,zero-fill,1,rb-5e4326eb465919cf2ce0a6dd,n=8,0.10,55b3a65768fb21f9849ecfabed6ac8b03282b1f6977c478e43c6614407dbe0c9,0,300,local-darwin-arm64-rust-1.93.0
baseline-zero-fill-rb-61d85cef20ccb754e82eadd7,zero-fill,1,rb-61d85cef20ccb754e82eadd7,n=6,0.10,2c2ddead7feaf8f3872b28ac83d3d0f4ed11e011f1d9d1d0efc11d58cb41c4d6,0,300,local-darwin-arm64-rust-1.93.0
baseline-zero-fill-rb-621fe8e8cfa270341b47651f,zero-fill,1,rb-621fe8e8cfa270341b47651f,n=8,0.03,7825faa07797b34aff3b9095ba45035c4f8821c02d29bb8baade1f03e70129f9,0,300,local-darwin-arm64-rust-1.93.0
baseline-zero-fill-rb-628af795b3fc21b4d2388e8b,zero-fill,1,rb-628af795b3fc21b4d2388e8b,n=8,0.10,53f84804097e235ef7617844908dadd843c259ff192a7a12cb0fbdd29879163b,0,300,local-darwin-arm64-rust-1.93.0
baseline-zero-fill-rb-65bdd00efbfd2428f2bd5865,zero-fill,1,rb-65bdd00efbfd2428f2bd5865,n=10,0.03,8d8b0f9b161b2a7907af711eafefeda41d55e2cf0272e944e59fe468c300b855,0,300,local-darwin-arm64-rust-1.93.0
baseline-zero-fill-rb-6602b70b59671b84247eed51,zero-fill,1,rb-6602b70b59671b84247eed51,n=10,0.10,79522a0770204c6122730932b0520e0da13861034a5fcece2884b7c4624c2e9f,0,300,local-darwin-arm64-rust-1.93.0
baseline-zero-fill-rb-6607ba3c69d513dfe4362efe,zero-fill,1,rb-6607ba3c69d513dfe4362efe,n=8,0.03,0089eedf3afb3ad8f6f1b82a4543f800103e21e82c1671ba446d18027b00c7f1,0,300,local-darwin-arm64-rust-1.93.0
baseline-zero-fill-rb-661eb632c04cd1b29106c0dc,zero-fill,1,rb-661eb632c04cd1b29106c0dc,n=6,0.03,1973ff43e149bcbfa4a49e85257506066e9c72004da10ebdbe053dee7ea08378,0,300,local-darwin-arm64-rust-1.93.0
baseline-zero-fill-rb-66fa68e03e01d10b110a0de5,zero-fill,1,rb-66fa68e03e01d10b110a0de5,n=8,0.10,5a2955f2f3222b60365185c3aeeed25e9fef92bfc1b2bc7eb191d2c38c0ae1fc,0,300,local-darwin-arm64-rust-1.93.0
baseline-zero-fill-rb-675a716ff820e084498fab70,zero-fill,1,rb-675a716ff820e084498fab70,n=6,0.03,a65bb4b50be444fb3dc734f201ffa1880ff1b0aa271ded6203cce3527dca0576,0,300,local-darwin-arm64-rust-1.93.0
baseline-zero-fill-rb-6a9a36eaf506f9948fc95bbc,zero-fill,1,rb-6a9a36eaf506f9948fc95bbc,n=8,0.03,4839d753812f68b22815ceb0f7ba1097a995f173f0d90111e4ff9f20a95b5370,0,300,local-darwin-arm64-rust-1.93.0
baseline-zero-fill-rb-6e7f9ffa039b1c0f6b1acdda,zero-fill,1,rb-6e7f9ffa039b1c0f6b1acdda,n=10,0.03,ab09a1d0a401502e1d5029c2daf7031c7707322f1f22051ad6b769ed46e0f12f,0,300,local-darwin-arm64-rust-1.93.0
baseline-zero-fill-rb-6ecda868565d52a951bad25c,zero-fill,1,rb-6ecda868565d52a951bad25c,n=6,0.10,cb1a33a709aa22ab248c19dc15906c00b0c50b9c9b6cff4a24d8d344d548963a,0,300,local-darwin-arm64-rust-1.93.0
baseline-zero-fill-rb-6f29cabf65f90a2d137ce986,zero-fill,1,rb-6f29cabf65f90a2d137ce986,n=8,0.03,a0db73da66b7a62f610960b4486ba8af8f34e4d0cfb1fb6f0411af34bafdcd2a,0,300,local-darwin-arm64-rust-1.93.0
baseline-zero-fill-rb-6f3b43783b7a144255e1f8d5,zero-fill,1,rb-6f3b43783b7a144255e1f8d5,n=10,0.03,13a73ad6228086dabd59a092b23db6f792a6188ff131b937ad8b9325f8d5a236,0,300,local-darwin-arm64-rust-1.93.0
baseline-zero-fill-rb-7894fe3fdf2a2b7daa4bef7f,zero-fill,1,rb-7894fe3fdf2a2b7daa4bef7f,n=6,0.03,d8f09e76c1c326c515e00f4fcd13096d9677f65db52b958306e5cc5a1334b0dd,0,300,local-darwin-arm64-rust-1.93.0
baseline-zero-fill-rb-78ed6131382d2bb2ebc4e552,zero-fill,1,rb-78ed6131382d2bb2ebc4e552,n=6,0.03,80407ea4e221df03b395887323297a2d81b429e13c0541026fc5c3a99ed8a70d,0,300,local-darwin-arm64-rust-1.93.0
baseline-zero-fill-rb-7b20e093386ead279234826e,zero-fill,1,rb-7b20e093386ead279234826e,n=6,0.03,a452d2765b67b93f3828e4e212575129a95eaf7c5c3693e6f23c31d5de8f8ff3,0,300,local-darwin-arm64-rust-1.93.0
baseline-zero-fill-rb-7b61265f007869b3fc1387cd,zero-fill,1,rb-7b61265f007869b3fc1387cd,n=10,0.10,7563212969655d2243a7468d75721d126cd1eba86a77f1428ab287149c3f8234,0,300,local-darwin-arm64-rust-1.93.0
baseline-zero-fill-rb-7df86fd8f779728c541b4b2f,zero-fill,1,rb-7df86fd8f779728c541b4b2f,n=10,0.03,4f398150d8917da124c3e5dfcd2957c4d645653d172fb5ebfda0dfc786786aec,0,300,local-darwin-arm64-rust-1.93.0
baseline-zero-fill-rb-7ef60b6d1de090e29a409de7,zero-fill,1,rb-7ef60b6d1de090e29a409de7,n=8,0.03,3906f56895207685ca0f3972f994b614abf084993ae39867f7ad6d6178582b82,0,300,local-darwin-arm64-rust-1.93.0
baseline-zero-fill-rb-7f7ea33dfa1108619e4e7eea,zero-fill,1,rb-7f7ea33dfa1108619e4e7eea,n=8,0.03,a95399bd507ba8021a0fae335dafb0bf5d0689dc563e697da0229ed4879db1d6,0,300,local-darwin-arm64-rust-1.93.0
baseline-zero-fill-rb-8046fd9e24ea5cb6ad0427a6,zero-fill,1,rb-8046fd9e24ea5cb6ad0427a6,n=10,0.03,746f695cc803d206bad9bf6a98d4df74cbedc7036459cd4712c4675fae7d7322,0,300,local-darwin-arm64-rust-1.93.0
baseline-zero-fill-rb-811a2d6b1d4e6ba4f09f9347,zero-fill,1,rb-811a2d6b1d4e6ba4f09f9347,n=10,0.10,137de53ee8eca018b70febdf7fcd331e979375f0489b69f8bd7442613cec0e6b,0,300,local-darwin-arm64-rust-1.93.0
baseline-zero-fill-rb-83a7ea816bd240f2cd993874,zero-fill,1,rb-83a7ea816bd240f2cd993874,n=10,0.03,634ee39bd143dd90d39ef44bdf945f1d8df865a02fbd2ece58da520660e661af,0,300,local-darwin-arm64-rust-1.93.0
baseline-zero-fill-rb-8640a1dede006bf22e00f63c,zero-fill,1,rb-8640a1dede006bf22e00f63c,n=10,0.03,d85158544e71f4f7910818dde9def13141983aea39240e5192cbd2d3af39cdc8,0,300,local-darwin-arm64-rust-1.93.0
baseline-zero-fill-rb-8b6fd5bfbc1fae3175ab316f,zero-fill,1,rb-8b6fd5bfbc1fae3175ab316f,n=10,0.10,05a3db005c46bf41e3a5bdc2a932aaefb2f3a17ecd0ece89fcc84e8516a4ee92,0,300,local-darwin-arm64-rust-1.93.0
baseline-zero-fill-rb-8beeeca237df5abe7e5d2b4e,zero-fill,1,rb-8beeeca237df5abe7e5d2b4e,n=10,0.03,3d5ba8159d1b9808dafb062e7b3fdea17b09573903e03a776e7661cc0671dfd6,0,300,local-darwin-arm64-rust-1.93.0
baseline-zero-fill-rb-8c1b57b291089e7a1a1d8854,zero-fill,1,rb-8c1b57b291089e7a1a1d8854,n=6,0.10,9a71d04e44f32db31ac5278fe915348611081fdf4ad3a2aeb8e22b1af3cac223,0,300,local-darwin-arm64-rust-1.93.0
baseline-zero-fill-rb-8e8a73f70213c7198dcefe1b,zero-fill,1,rb-8e8a73f70213c7198dcefe1b,n=6,0.10,5ea869f3b93230d7f934c70ab8b31b69693ba2453cbdbf78370c502078ddf56b,0,300,local-darwin-arm64-rust-1.93.0
baseline-zero-fill-rb-90a14e0afc933c254d5a5438,zero-fill,1,rb-90a14e0afc933c254d5a5438,n=10,0.03,de7c226e912251fe5eea8c48ab9a6d5c25462b23aea4813108a7afa217917dfa,0,300,local-darwin-arm64-rust-1.93.0
baseline-zero-fill-rb-918b04409c7d09442011744a,zero-fill,1,rb-918b04409c7d09442011744a,n=10,0.03,a28a0e1fd059e4d9d0e4650c8f22cd3366f0816ea1021ca279bfd5eeed7aa410,0,300,local-darwin-arm64-rust-1.93.0
baseline-zero-fill-rb-92a2673de1ae079f4b6c56da,zero-fill,1,rb-92a2673de1ae079f4b6c56da,n=8,0.10,1d264e4f1f1f10523e937d538238c4d496a6454e2e2eec44f2a9586f1777578a,0,300,local-darwin-arm64-rust-1.93.0
baseline-zero-fill-rb-93219fa8b49bcdf42ddbae42,zero-fill,1,rb-93219fa8b49bcdf42ddbae42,n=8,0.03,71dec8987120e917dc39e9964eff56b991ce54c50d6818bb3d535693d67b2783,0,300,local-darwin-arm64-rust-1.93.0
baseline-zero-fill-rb-961279f465ac6862c5e95e8c,zero-fill,1,rb-961279f465ac6862c5e95e8c,n=8,0.03,c431e98d8dfbabbc76c3a8fb1f38bb440595c6e39a6fdd2738db66366efcfa77,0,300,local-darwin-arm64-rust-1.93.0
baseline-zero-fill-rb-99d5758dc45e9f46bb7c7152,zero-fill,1,rb-99d5758dc45e9f46bb7c7152,n=6,0.03,a6ef4fcf767bef178405cbcbf34351f791d048c95ded46a2732716abb64cfee1,0,300,local-darwin-arm64-rust-1.93.0
baseline-zero-fill-rb-9ae437aa12ac5558e0bf5909,zero-fill,1,rb-9ae437aa12ac5558e0bf5909,n=10,0.03,6ca95dc4f03329ef81c9e8c989181b1ddf5868c5fb30e70a481c52eaae895199,0,300,local-darwin-arm64-rust-1.93.0
baseline-zero-fill-rb-9d41f09b554b2a0a7e9afe73,zero-fill,1,rb-9d41f09b554b2a0a7e9afe73,n=8,0.10,0a5da6022537a3dcb19ddd436b8dfc12103a539c79de2f875f3c328754454331,0,300,local-darwin-arm64-rust-1.93.0
baseline-zero-fill-rb-9d9cf6aedc13f3c3f3985ec2,zero-fill,1,rb-9d9cf6aedc13f3c3f3985ec2,n=6,0.03,5786c9b5395861e1191b241fc33bc2621531e569e42653d52f367f66d408dee8,0,300,local-darwin-arm64-rust-1.93.0
baseline-zero-fill-rb-9dda24d8dae6ff01eb05b133,zero-fill,1,rb-9dda24d8dae6ff01eb05b133,n=8,0.10,2aa500240c771f289d9a4c6939d5679e0f5fa16d1b2606130f32fd7b192bd2a8,0,300,local-darwin-arm64-rust-1.93.0
baseline-zero-fill-rb-9fa091cc69eecd074f9a3265,zero-fill,1,rb-9fa091cc69eecd074f9a3265,n=10,0.03,79cd40baad6b8f9942af1ad72b549ffc5ae2e1058d59a37eab14e89cec82a709,0,300,local-darwin-arm64-rust-1.93.0
baseline-zero-fill-rb-a08ee6d5800fc34f3a173642,zero-fill,1,rb-a08ee6d5800fc34f3a173642,n=6,0.03,5e7c7ae5a8f446a92f7e0f8c9a6f842bbc50eaf5122fc1e1ed5c020d0ab523c9,0,300,local-darwin-arm64-rust-1.93.0
baseline-zero-fill-rb-a292b061754b9ec399fee204,zero-fill,1,rb-a292b061754b9ec399fee204,n=10,0.10,4ea88c70ee0a4428071ef94a6b0d376c92ebc8fe1795c6ea2aa671c776ef3f28,0,300,local-darwin-arm64-rust-1.93.0
baseline-zero-fill-rb-a3d3d46718a11e74a923eaf7,zero-fill,1,rb-a3d3d46718a11e74a923eaf7,n=6,0.03,9a52de527c8d3185c075323f6b5377e103b105316f92dda1e05259bb88d1e987,0,300,local-darwin-arm64-rust-1.93.0
baseline-zero-fill-rb-a3d8dde0f98f0fba2c4c37f9,zero-fill,1,rb-a3d8dde0f98f0fba2c4c37f9,n=10,0.03,f8a36226513f2fb34813c960dc483d83167ef8fce1474c765cf86c4548a1295e,0,300,local-darwin-arm64-rust-1.93.0
baseline-zero-fill-rb-a665365aad9e616e523ad50d,zero-fill,1,rb-a665365aad9e616e523ad50d,n=6,0.03,d9c27b0a6a5712b5bb2c4d31725bebe4fa7ebb0a9dc6fbb1b29f1a84d8ec576d,0,300,local-darwin-arm64-rust-1.93.0
baseline-zero-fill-rb-a699d32d613a158375760c0e,zero-fill,1,rb-a699d32d613a158375760c0e,n=8,0.10,553c598a9ef9bc427b05a8c2e9d4373bdbd087d6da02b3f5659b360a99910008,0,300,local-darwin-arm64-rust-1.93.0
baseline-zero-fill-rb-a79056f9b76778c7a6805ade,zero-fill,1,rb-a79056f9b76778c7a6805ade,n=6,0.03,3d0035f9196e122efedd94e6cf328935465e284a93c9bf9832b80509f31212b6,0,300,local-darwin-arm64-rust-1.93.0
baseline-zero-fill-rb-aa620d73b4f08378aa2ec72d,zero-fill,1,rb-aa620d73b4f08378aa2ec72d,n=8,0.10,91396aa66429cba958c5d869ac7eb4c149f78132096719233bcf19f304a8df3c,0,300,local-darwin-arm64-rust-1.93.0
baseline-zero-fill-rb-aab3b4b0e2f395bca14eb96c,zero-fill,1,rb-aab3b4b0e2f395bca14eb96c,n=6,0.10,026dcd202e3fe425c2b7adc7a636c12782d2faf2b232e4305f0aeb9c9b9af359,0,300,local-darwin-arm64-rust-1.93.0
baseline-zero-fill-rb-ad58f4d1e7f793cce4deddb4,zero-fill,1,rb-ad58f4d1e7f793cce4deddb4,n=8,0.10,932199a0c833a1f65a69f4e7895399e5ebd6e4577c50afae05ad0cc18e0011da,0,300,local-darwin-arm64-rust-1.93.0
baseline-zero-fill-rb-ad6a37ad2304f38106ce3b34,zero-fill,1,rb-ad6a37ad2304f38106ce3b34,n=10,0.10,e12888bbb35e8f53b94df7a23450eeb944f1667971100c95e4f749ee24c93054,0,300,local-darwin-arm64-rust-1.93.0
baseline-zero-fill-rb-ae80aefc8c7f412e271e4ede,zero-fill,1,rb-ae80aefc8c7f412e271e4ede,n=8,0.10,d4d285b9aa0117dabd106fe91668e901f40a1d8e92e7aa4300e715977ecfb2ec,0,300,local-darwin-arm64-rust-1.93.0
baseline-zero-fill-rb-af8442befaa768babc458efa,zero-fill,1,rb-af8442befaa768babc458efa,n=8,0.03,9e92ddd833c1223e1c3aec257b3e03e5efaefb1956116f2079bed18c36ae0eee,0,300,local-darwin-arm64-rust-1.93.0
baseline-zero-fill-rb-b28a8b00fa5d0909ab8309a3,zero-fill,1,rb-b28a8b00fa5d0909ab8309a3,n=8,0.10,27f49cee45dd5772a6e6c766a6a19d955ea2c6306670d85dd03964c1c3f399c5,0,300,local-darwin-arm64-rust-1.93.0
baseline-zero-fill-rb-b385a9a870f34a5f88bff2f0,zero-fill,1,rb-b385a9a870f34a5f88bff2f0,n=8,0.10,4a578936f922bb619770402ff4e3857493a0d56c9177906df01fce606c4be1c8,0,300,local-darwin-arm64-rust-1.93.0
baseline-zero-fill-rb-b42893f80eeb79e4831e318a,zero-fill,1,rb-b42893f80eeb79e4831e318a,n=8,0.10,66f5dc1102e6874ded1e9ef122f4b0a9ef3859aaa46ce6f1dbb454f3985865d3,0,300,local-darwin-arm64-rust-1.93.0
baseline-zero-fill-rb-b44fea7174f38ae31ba766ce,zero-fill,1,rb-b44fea7174f38ae31ba766ce,n=10,0.10,57ddc3da344d41dd4265328e6b2518595f43046c3272dd4d8c13e6ec5106b5e8,0,300,local-darwin-arm64-rust-1.93.0
baseline-zero-fill-rb-b495f9e5e167dc77115fc6af,zero-fill,1,rb-b495f9e5e167dc77115fc6af,n=8,0.03,bfbcdb5bc2508cfbe6b99de78b1b2a7c4e3488f841daf816bd01fd2ffce63d4b,0,300,local-darwin-arm64-rust-1.93.0
baseline-zero-fill-rb-b499fd407e703b79afa93969,zero-fill,1,rb-b499fd407e703b79afa93969,n=10,0.03,94bd32a44da213e5a84a528bbd2c93369aac6905c02ea3ba8c10fa25b5e7f939,0,300,local-darwin-arm64-rust-1.93.0
baseline-zero-fill-rb-b777e71acd36609444247412,zero-fill,1,rb-b777e71acd36609444247412,n=6,0.03,130804d3501275f1f30279ebf691a4c01e496fbce1e05f5dbd3179ed9d2c529b,0,300,local-darwin-arm64-rust-1.93.0
baseline-zero-fill-rb-b78b8bc49c1e422bc4a37d23,zero-fill,1,rb-b78b8bc49c1e422bc4a37d23,n=8,0.10,96d157182cc55d168c457f884e40ade209334bd4d18738b6cc8c95bf1c17974a,0,300,local-darwin-arm64-rust-1.93.0
baseline-zero-fill-rb-bc6f03369769dcbe9cf84ae2,zero-fill,1,rb-bc6f03369769dcbe9cf84ae2,n=8,0.10,9b8c218278d0e53bd3495081ead5082c619da2e52d2f0d45b28893e08ce7c41a,0,300,local-darwin-arm64-rust-1.93.0
baseline-zero-fill-rb-bdfa79ef58fc487e96f0cc61,zero-fill,1,rb-bdfa79ef58fc487e96f0cc61,n=8,0.10,e780253ffad112359563fd03ff2ba7b4aaaf9b1ab47b06a8c0f9221b5273607d,0,300,local-darwin-arm64-rust-1.93.0
baseline-zero-fill-rb-c181f83ea49a53a5b8b1c557,zero-fill,1,rb-c181f83ea49a53a5b8b1c557,n=8,0.10,5a750e975ad5fc2604ddad83f7d66dd09482f258e49a387ace4e09df2b99ed37,0,300,local-darwin-arm64-rust-1.93.0
baseline-zero-fill-rb-c3d4a67e9970717cacc5e220,zero-fill,1,rb-c3d4a67e9970717cacc5e220,n=10,0.03,3589483f83733698104cea601cf7739d7dd10509bd5b080a5dfd22eb5b4ae438,0,300,local-darwin-arm64-rust-1.93.0
baseline-zero-fill-rb-c62791a56ffb5ad37f814481,zero-fill,1,rb-c62791a56ffb5ad37f814481,n=10,0.10,e1fa4c41b359bc236a72b2d8078b00dee878acc92b6d067cd6fe24c65ad612a3,0,300,local-darwin-arm64-rust-1.93.0
baseline-zero-fill-rb-c8cad33a39d9208f1e3c6d46,zero-fill,1,rb-c8cad33a39d9208f1e3c6d46,n=8,0.03,678e32d59c442aead5c9cd21984413f8b0cb0106445a3f4c1ebb8a446023ed57,0,300,local-darwin-arm64-rust-1.93.0
baseline-zero-fill-rb-ca09e6aa54e8138a3fad9150,zero-fill,1,rb-ca09e6aa54e8138a3fad9150,n=6,0.03,7b996c33b5aa34839aead5de8c0d6d7f6816f0b8c18dd61267969135402733ac,0,300,local-darwin-arm64-rust-1.93.0
baseline-zero-fill-rb-cae13d1a65a3d7f27ae8a2e7,zero-fill,1,rb-cae13d1a65a3d7f27ae8a2e7,n=8,0.10,eb442c7c4e463922ae441307a19fecdc70b559d1c8ae9769d6bd61cfe4ff63ea,0,300,local-darwin-arm64-rust-1.93.0
baseline-zero-fill-rb-cb4e285feb19cd3a29caa0bb,zero-fill,1,rb-cb4e285feb19cd3a29caa0bb,n=10,0.03,a6bd9a8d4337f6e0ba28dac658c22ae9a0021462ccc8f25c5a89b683f12c91ba,0,300,local-darwin-arm64-rust-1.93.0
baseline-zero-fill-rb-ce2561fc9d626b5533f00d4b,zero-fill,1,rb-ce2561fc9d626b5533f00d4b,n=8,0.10,03bd215d9a5da931445c24c81a8c3f721c19c730f151e8b52affa7c811ace370,0,300,local-darwin-arm64-rust-1.93.0
baseline-zero-fill-rb-cf25a5b1d5a8efafdd51bf7a,zero-fill,1,rb-cf25a5b1d5a8efafdd51bf7a,n=8,0.10,a5f1b8c74ba16bdcf480e04c1b2a9c731d0d92c3b35429283f986ec964479a37,0,300,local-darwin-arm64-rust-1.93.0
baseline-zero-fill-rb-d11f3d57feee2dfbe5970d16,zero-fill,1,rb-d11f3d57feee2dfbe5970d16,n=10,0.10,750a6fc15b06b1f96947a328bd2876526db8885349a7ffb56adbe7f53898355d,0,300,local-darwin-arm64-rust-1.93.0
baseline-zero-fill-rb-d3a3fd239d073e221b859112,zero-fill,1,rb-d3a3fd239d073e221b859112,n=8,0.03,1331d169d38ac1eddfc02f72bf6620c1478a664dbc50e91314fa91fdfbbe87a1,0,300,local-darwin-arm64-rust-1.93.0
baseline-zero-fill-rb-d44fdb6f8ced96973e63d5c9,zero-fill,1,rb-d44fdb6f8ced96973e63d5c9,n=8,0.03,184ffe984d177ef63c79dc333d35742baf5cdb180159f47d910497332af0e279,0,300,local-darwin-arm64-rust-1.93.0
baseline-zero-fill-rb-d4de8ed72667045da16e77c3,zero-fill,1,rb-d4de8ed72667045da16e77c3,n=8,0.10,3c513d30697d107688238ce46ff3ef7e99d7466bf776e26d5946aa898bc1cb63,0,300,local-darwin-arm64-rust-1.93.0
baseline-zero-fill-rb-d51745e1672aab89b27c4254,zero-fill,1,rb-d51745e1672aab89b27c4254,n=8,0.10,90d46ee65a8d1b87d48580e93ee93ed3fa9bada4afc8ed62b2dba0248a1eac55,0,300,local-darwin-arm64-rust-1.93.0
baseline-zero-fill-rb-d5f24d6cc8053f86fa9897f0,zero-fill,1,rb-d5f24d6cc8053f86fa9897f0,n=8,0.10,0f082e08fbaa8f03027657763452d32504221fa788baaf2c082772272fb73971,0,300,local-darwin-arm64-rust-1.93.0
baseline-zero-fill-rb-d8a69dcafa42777542dcdc1b,zero-fill,1,rb-d8a69dcafa42777542dcdc1b,n=6,0.10,d3b0d17f02a43244d887dfb3b676eda888ff1b3b6c26b00c7afa1cd2ab376012,0,300,local-darwin-arm64-rust-1.93.0
baseline-zero-fill-rb-d93381df1cb13c6f89afd46a,zero-fill,1,rb-d93381df1cb13c6f89afd46a,n=10,0.10,9dce350c0f277230949df71a855630f093a3c84dda526696b617a17161c2ac9f,0,300,local-darwin-arm64-rust-1.93.0
baseline-zero-fill-rb-d9784ddeba6397cbfb8787d0,zero-fill,1,rb-d9784ddeba6397cbfb8787d0,n=10,0.10,84c9c5f91716391716864776209d52a92bcb42ddc3c6622b6fe1b3a70c67f6fa,0,300,local-darwin-arm64-rust-1.93.0
baseline-zero-fill-rb-da7374cb0fef58164fa655aa,zero-fill,1,rb-da7374cb0fef58164fa655aa,n=6,0.10,6ce9fd1d918a94625bff20e6a69a2b1a7b255ab96ab50a37728d2803cba3eb4a,0,300,local-darwin-arm64-rust-1.93.0
baseline-zero-fill-rb-dd9a932a31514f3ab3757fd1,zero-fill,1,rb-dd9a932a31514f3ab3757fd1,n=8,0.10,0374d79dc0174e7c10adf1bc23501c167a8074a03ff18aea6ee0d16ffd9a5bf9,0,300,local-darwin-arm64-rust-1.93.0
baseline-zero-fill-rb-ddb55b9fe17affa749f56c09,zero-fill,1,rb-ddb55b9fe17affa749f56c09,n=8,0.10,6a2574a98f8a8eb9bf0b3cccb0a714d8c62722190af2b72f6bfc6216cf61c2fd,0,300,local-darwin-arm64-rust-1.93.0
baseline-zero-fill-rb-de5e721f60d53acf293decc4,zero-fill,1,rb-de5e721f60d53acf293decc4,n=6,0.03,5078420fb33cb7ecb3bd837db5aa5b3325009cbf83e65cea2d15d5261a4ce757,0,300,local-darwin-arm64-rust-1.93.0
baseline-zero-fill-rb-dee3433466a3a139da006801,zero-fill,1,rb-dee3433466a3a139da006801,n=10,0.10,f8c328a3f2b3a321a191f96569b3a61355b2581c656dcdcf0619847fcefa89bf,0,300,local-darwin-arm64-rust-1.93.0
baseline-zero-fill-rb-df511c77d2186aaf6e9b3444,zero-fill,1,rb-df511c77d2186aaf6e9b3444,n=6,0.10,f7ce76397dcd38e6b407bcfd2ef78de1c0560849cef8d5c4d3c1a207dc419ea1,0,300,local-darwin-arm64-rust-1.93.0
baseline-zero-fill-rb-dfe6f739b9f05b2db0e432d0,zero-fill,1,rb-dfe6f739b9f05b2db0e432d0,n=6,0.10,d1ba0b07202563d0824bc34f9c35eb4d5becc0128eef912e3f2ce827d440dbd5,0,300,local-darwin-arm64-rust-1.93.0
baseline-zero-fill-rb-dff2ed271f2b0f28a1485645,zero-fill,1,rb-dff2ed271f2b0f28a1485645,n=10,0.10,a02a5f344aece93180ae78eecdc440dc4a2113e7f68887f2961f50ceda128594,0,300,local-darwin-arm64-rust-1.93.0
baseline-zero-fill-rb-e5a36a28ad8bc492ca3bb36b,zero-fill,1,rb-e5a36a28ad8bc492ca3bb36b,n=6,0.10,e5eae3204f2c3ed620c097bd8a61da4fe613cad86d1509b59bde23f8bd51a665,0,300,local-darwin-arm64-rust-1.93.0
baseline-zero-fill-rb-e70a5006cb53f89948ccfb48,zero-fill,1,rb-e70a5006cb53f89948ccfb48,n=6,0.10,727c1464d2685afb0593ba2b0eeeaa071ac252e9fe161238044bd3ac4c0d3c7b,0,300,local-darwin-arm64-rust-1.93.0
baseline-zero-fill-rb-ea0e8e07f4837fb7e92a0d7c,zero-fill,1,rb-ea0e8e07f4837fb7e92a0d7c,n=8,0.03,c99f592ffdfcca1952d43c1a49549c054964fc415a063e226c00d43c8338743a,0,300,local-darwin-arm64-rust-1.93.0
baseline-zero-fill-rb-eaad9920b59bdac7127249d2,zero-fill,1,rb-eaad9920b59bdac7127249d2,n=6,0.10,e59fc431602d7a795707046c6a7a0d126b319d91cee757b7ff33adf2ffba918a,0,300,local-darwin-arm64-rust-1.93.0
baseline-zero-fill-rb-eb6e814a34b99edfa0a39ab5,zero-fill,1,rb-eb6e814a34b99edfa0a39ab5,n=6,0.10,0052d57b7c195d4041db152e225ea7f010d87321219ba0e179e25dcc746778b2,0,300,local-darwin-arm64-rust-1.93.0
baseline-zero-fill-rb-ebb37e26365db169d5f39bd9,zero-fill,1,rb-ebb37e26365db169d5f39bd9,n=6,0.10,b988aa9f8efd89381ebd4276a9e7d6caac252a116c765ef29185e7fc6e916542,0,300,local-darwin-arm64-rust-1.93.0
baseline-zero-fill-rb-ebf43d4b89a771015286685c,zero-fill,1,rb-ebf43d4b89a771015286685c,n=6,0.03,22f7daccacaff442069ed4770536b87338ca34394e9e1700481fbb4b73fccfbe,0,300,local-darwin-arm64-rust-1.93.0
baseline-zero-fill-rb-ecff5200c3b531f997f12713,zero-fill,1,rb-ecff5200c3b531f997f12713,n=10,0.03,1c5f5c945b2faafcb336fd1f14e4c56a09298085ce37152ef5779b3b903ab577,0,300,local-darwin-arm64-rust-1.93.0
baseline-zero-fill-rb-edf0892ea4bdff611a39379b,zero-fill,1,rb-edf0892ea4bdff611a39379b,n=6,0.10,d0a86b015800db017a6c39b4c464199c60207d2fbd7c5eba001dacf556258159,0,300,local-darwin-arm64-rust-1.93.0
baseline-zero-fill-rb-ee420544ff18367bb2330f12,zero-fill,1,rb-ee420544ff18367bb2330f12,n=8,0.03,cb00315ecf3d729d6d9c4c8ebb8c9368d97ddc1581c39a6a8b6f3a86de65da5a,0,300,local-darwin-arm64-rust-1.93.0
baseline-zero-fill-rb-f0973fc57413120dd35c3cf3,zero-fill,1,rb-f0973fc57413120dd35c3cf3,n=10,0.10,374ede322a64cba7aa2fba036c04d48a2ae29665b1c73b22010c89037500c544,0,300,local-darwin-arm64-rust-1.93.0
baseline-zero-fill-rb-f3170afa9e9a6a58a21fc775,zero-fill,1,rb-f3170afa9e9a6a58a21fc775,n=10,0.10,6eaebfbc20c857b56aac0e68f21cead8dc4fb2464dc1a14d7e413ad88f6b3218,0,300,local-darwin-arm64-rust-1.93.0
baseline-zero-fill-rb-f35e309e72323de1d52b26d3,zero-fill,1,rb-f35e309e72323de1d52b26d3,n=8,0.03,12eef49693b6851e9fb7b16df87913a200ebc51e9fc84f12adc6102a20f73de2,0,300,local-darwin-arm64-rust-1.93.0
baseline-zero-fill-rb-f6fe818608a9f07a5650f67b,zero-fill,1,rb-f6fe818608a9f07a5650f67b,n=6,0.10,6f30d6d2f7914c26ac3953c96c29027c255ec5e8a7b8ea367443bd9354996a37,0,300,local-darwin-arm64-rust-1.93.0
baseline-zero-fill-rb-f7b917399d43255908f83fe0,zero-fill,1,rb-f7b917399d43255908f83fe0,n=8,0.03,090d421708538a258af1aa0e507c13e9b350bfadcb5034e7d7effbf4e64058bf,0,300,local-darwin-arm64-rust-1.93.0
baseline-zero-fill-rb-f99977e14ac185a4f39b7826,zero-fill,1,rb-f99977e14ac185a4f39b7826,n=6,0.03,23ffcf94a073f9b045d6c1f09a10d11566926f3923ed8ed7d7b57778ebca9c57,0,300,local-darwin-arm64-rust-1.93.0
baseline-zero-fill-rb-fa01cccafcf5efaac6c2617d,zero-fill,1,rb-fa01cccafcf5efaac6c2617d,n=6,0.10,5f65b317e3d36ee478676b48d3947c9a7dd8bd4399ba742ee3ddc6087a1166ac,0,300,local-darwin-arm64-rust-1.93.0
baseline-zero-fill-rb-fad29e6bdd20af2706d464db,zero-fill,1,rb-fad29e6bdd20af2706d464db,n=6,0.10,c8aebc0387db6d45febc041e07eba191205b0c6335818b94a00ff9527d2ee1b9,0,300,local-darwin-arm64-rust-1.93.0
baseline-zero-fill-rb-fb07bf488d996e2fe00868e9,zero-fill,1,rb-fb07bf488d996e2fe00868e9,n=10,0.03,d21177637ef385b19b70f0a8cf8dcb289e0b57b37fed5f6a2e81d535f37d0eba,0,300,local-darwin-arm64-rust-1.93.0
baseline-zero-fill-rb-ffdd7ac81f62fe6e722330dd,zero-fill,1,rb-ffdd7ac81f62fe6e722330dd,n=10,0.03,24f79e350bb7e836c5cb10fb5f8fe3ae89950c9f5c9644e005d8c8656c7bd64c,0,300,local-darwin-arm64-rust-1.93.0
